iteration,validation_score
0,1.5736690512823164
1,1.3886009848252692
2,1.2454056111992522
3,1.1298795611838297
4,1.032589580135912
5,0.948606250103743
6,0.8749964671980721
7,0.8095256593437411
8,0.7534041942726618
9,0.7010458929823776
10,0.6527380010884355
11,0.6095892081103675
12,0.5716015381346713
13,0.5360924801929559
14,0.5039504431208832
15,0.4753583495141243
16,0.44907955199729876
17,0.42504806352978824
18,0.4033529416144949
19,0.383629074319018
20,0.3656210955185794
21,0.3492393494524329
22,0.3343699375840704
23,0.3205518554499811
24,0.30810115982915326
25,0.2966071227702737
26,0.2857542910047722
27,0.2757439554061088
28,0.2669129995694243
29,0.2586796647462713
30,0.2508882458684797
31,0.24430796045729108
32,0.23763782752113904
33,0.23174704229097784
34,0.22625959145816232
35,0.22094288085250902
36,0.21601347260043754
37,0.2115204832536202
38,0.2073607483972559
39,0.20356385990843698
40,0.19999033897039895
41,0.1967146915144537
42,0.1937478422822937
43,0.19104864730951518
44,0.18839561382448744
45,0.18599250718514093
46,0.18382668308601413
47,0.18171301680404536
48,0.17969232047538664
49,0.1777416005753443
50,0.17594066504758152
51,0.17421509338138194
52,0.17261782990052865
53,0.17125158874344823
54,0.16979504153004427
55,0.1685471808285244
56,0.16733692496164052
57,0.16613119110762606
58,0.16510367513578014
59,0.16413243283722181
60,0.16327955680262699
61,0.16233349980412037
62,0.1614940527859187
63,0.16072414139847532
64,0.15995503625076177
65,0.15920217539147655
66,0.158488432361577
67,0.15780148913036046
68,0.15718015257295045
69,0.15653945861930219
70,0.15591698807417423
71,0.15537527986818744
72,0.15487578515827558
73,0.15443254480148935
74,0.1539107597874247
75,0.15345589815912114
76,0.15305502445655908
77,0.15270494760336098
78,0.15231392769014443
79,0.1519151529571576
80,0.15156465848443587
81,0.15127746379875426
82,0.15097443890036172
83,0.15064436393592326
84,0.1503542297938409
85,0.1500747834693339
86,0.14977381047379373
87,0.1495241178530802
88,0.14922454427662693
89,0.1490133440269472
90,0.14877662235105854
91,0.14852120980064523
92,0.1482971610227829
93,0.14804297115822485
94,0.147847398864278
95,0.14759230614260244
96,0.14740619206793712
97,0.14721935396383226
98,0.14696321715544228
99,0.1467744903072782
100,0.1465557681436694
101,0.1463488392129902
102,0.14618874995978948
103,0.14600836306579995
104,0.14586285235955784
105,0.14568380456075936
106,0.14554287614719433
107,0.14536565342285868
108,0.14524663442150446
109,0.14507713856679333
110,0.14493805982263255
111,0.14478898580602373
112,0.1446223843215447
113,0.14444131764847357
114,0.14430202632158268
115,0.14415030406408885
116,0.14403481158197706
117,0.14392142316825013
118,0.14380577292936383
119,0.1436731816725671
120,0.1435677011028917
121,0.14343276886836687
122,0.14329741780393493
123,0.14318443500146866
124,0.14304480483761323
125,0.14291244173119752
126,0.1427827314928303
127,0.14266378622582304
128,0.1425419692368132
129,0.14240346966077638
130,0.14234867857275246
131,0.14219080713256596
132,0.14209869049264207
133,0.14199163498212644
134,0.14185319047259617
135,0.14175600456387888
136,0.14164999147707877
137,0.14153822105763023
138,0.14145888121566488
139,0.1413448486544374
140,0.1412445429477479
141,0.1411444783601727
142,0.1410351321417524
143,0.14093616932029956
144,0.140830177357227
145,0.1407464350892562
146,0.14066905640870347
147,0.14056036302809147
148,0.14048672853643515
149,0.14041514830189625
150,0.14032041952758303
151,0.14023824093529158
152,0.14012906625549185
153,0.13999847275036895
154,0.13989543580774796
155,0.13979742002067366
156,0.13969880398087559
157,0.1395982736320026
158,0.13947569619999992
159,0.13939566324961297
160,0.1392860039317625
161,0.13921014308357232
162,0.1391510103905857
163,0.13904151755791502
164,0.13898119289108013
165,0.1388836522828009
166,0.13879491748709588
167,0.13870307629985226
168,0.13861161445872874
169,0.1385197365242092
170,0.13845363322374848
171,0.13837815309580606
172,0.1383182389204961
173,0.13825615333734434
174,0.13818708612689548
175,0.1381317076081125
176,0.13807115380164559
177,0.13799019207163624
178,0.1379006648277315
179,0.13786404347128856
180,0.13778477246466933
181,0.1377332759905581
182,0.13767525839638317
183,0.13760684265253464
184,0.13754847866713532
185,0.1374747715943833
186,0.13737862902994474
187,0.13728685887727987
188,0.13723260531917833
189,0.1371442576194374
190,0.13705064263787883
191,0.13698345231663245
192,0.13690809899192127
193,0.13683668855195702
194,0.13677059714793674
195,0.13671044581143804
196,0.13665703534911777
197,0.13658443639586162
198,0.13653470119999322
199,0.1364842226408425
200,0.1364133873137182
201,0.13636179521408556
202,0.13630158216302005
203,0.1362246358917698
204,0.13617108657642676
205,0.13610964529319566
206,0.13604042775601086
207,0.13598593484155802
208,0.13592860208965873
209,0.13588128556118634
210,0.1358098291242555
211,0.13573901012115555
212,0.13567829644343515
213,0.13561942519482456
214,0.1355560749972796
215,0.1355102591914978
216,0.13546690876498046
217,0.1354080856481089
218,0.13538221849599671
219,0.1353247449350681
220,0.135297029010047
221,0.13523874339643552
222,0.13516016531582128
223,0.13512673150758542
224,0.13506127929071862
225,0.1350065721111954
226,0.1349608344476907
227,0.13490082432402284
228,0.1348402809638591
229,0.13478271060817973
230,0.13472613673996733
231,0.1346881679297415
232,0.1346360032644653
233,0.13456964315150802
234,0.13452550924423012
235,0.1344693987882174
236,0.13441612330723263
237,0.1343599009577812
238,0.13429862362474787
239,0.13424387157801448
240,0.1342144849928693
241,0.13416285302201858
242,0.13409120841386063
243,0.13404936837845938
244,0.1339979258913065
245,0.13393386945188962
246,0.13388390164409905
247,0.13384189872472232
248,0.13379691598471347
249,0.1337489501170577
250,0.133693611264347
251,0.13365373476104006
252,0.13360905194961437
253,0.13355987994091412
254,0.13352957789509146
255,0.1335003922026669
256,0.13344753469871448
257,0.1334089853618243
258,0.133363917168541
259,0.13331429473240586
260,0.13324615664620118
261,0.13321292277611704
262,0.13318273554011026
263,0.13314128024631144
264,0.13310118703112664
265,0.1330583977456806
266,0.1330041604988943
267,0.13295579392446413
268,0.13291840690031081
269,0.1328653496539792
270,0.13280396218643523
271,0.13276358571293168
272,0.13269861523574047
273,0.13263164237801503
274,0.13258592818226245
275,0.13253927636818696
276,0.13249380333828073
277,0.13246219025004724
278,0.132431441479219
279,0.13238852864227663
280,0.1323519947210546
281,0.13230446350361813
282,0.13225676160473462
283,0.13222706012537358
284,0.13219415600417816
285,0.13215140602698097
286,0.13210425166335493
287,0.13205539365510285
288,0.13200038931760755
289,0.13195059705323456
290,0.13190732700052588
291,0.13187028782562973
292,0.13181710826678983
293,0.13177958919019553
294,0.13174680310635686
295,0.13170432181950692
296,0.13167680769444096
297,0.13162980552219788
298,0.13158589549496147
299,0.13154425218500715
300,0.13150568245094765
301,0.13145757575847256
302,0.13142618528330768
303,0.1313944957803785
304,0.13135195473201605
305,0.13130554242552714
306,0.1312642884459722
307,0.13121996695862898
308,0.1311820364148505
309,0.13114297839437514
310,0.13110539710736352
311,0.13106649359875788
312,0.1310332477174945
313,0.13099843106194362
314,0.1309615256146385
315,0.13093154828901507
316,0.13089103783237224
317,0.13085090560142834
318,0.1308200308539548
319,0.13078308733383154
320,0.13075769762926204
321,0.130715677683848
322,0.1306911210446831
323,0.13066807245007642
324,0.1306353347573773
325,0.13060876798508395
326,0.1305684032619318
327,0.13053667327440857
328,0.13050910981599814
329,0.13049212893457077
330,0.13045354197499762
331,0.13042676495595906
332,0.13040301863994574
333,0.13038380243016798
334,0.1303625731947719
335,0.13033420386527056
336,0.13030700878324145
337,0.13027051251342542
338,0.13022499935137177
339,0.13019561147646722
340,0.13016396455536652
341,0.13013806741848905
342,0.130110701257308
343,0.13007880361148869
344,0.13004090544813837
345,0.13001733792408915
346,0.12998159029025846
347,0.12995745749261406
348,0.12992599657230167
349,0.12989377375367442
350,0.12985702581057063
351,0.12980781899331775
352,0.12977847347129723
353,0.12974162077449414
354,0.12971481483635777
355,0.12966756933675283
356,0.12963414149178687
357,0.12960439796751283
358,0.12957055037289195
359,0.12953907168774403
360,0.12950389769380385
361,0.12947929465782634
362,0.12944726923581268
363,0.12941873843557186
364,0.129395185891918
365,0.12936709063485857
366,0.1293508168120648
367,0.1293213052942751
368,0.12929375849697114
369,0.1292599590021309
370,0.12922422977387696
371,0.1291979802269203
372,0.12917724554937557
373,0.1291464719581165
374,0.12911427144744314
375,0.12909039445641912
376,0.12907494438364822
377,0.12903677540824834
378,0.1290035988490925
379,0.12897136528223926
380,0.12895004424758932
381,0.12892969787299374
382,0.12889543363852582
383,0.12886927227500283
384,0.12884718318191316
385,0.12882427647468514
386,0.12879167366405736
387,0.128766545628227
388,0.1287381481553295
389,0.1287238935113613
390,0.12869301707502215
391,0.12866570891467566
392,0.1286362126864751
393,0.12861037604039807
394,0.12858489252419436
395,0.12857671735383122
396,0.1285474404116216
397,0.12851652026960572
398,0.12848562674322794
399,0.12846102336735807
400,0.1284306010926984
401,0.12840128255958927
402,0.12836486867803473
403,0.1283384496903186
404,0.12831073001165988
405,0.1282817414727003
406,0.1282557873648957
407,0.1282350881359762
408,0.12820817308680774
409,0.12818923574329702
410,0.12815925674331985
411,0.12813268486559115
412,0.12810838281642972
413,0.12807794800807668
414,0.12805418534893706
415,0.1280324010905159
416,0.12800532109962753
417,0.12797000058850133
418,0.12794248322772006
419,0.1279098222527046
420,0.12787509523050178
421,0.12784925018372476
422,0.1278279281857731
423,0.12779215326956225
424,0.1277683467963342
425,0.12774240320781452
426,0.12771755038450178
427,0.1277021150600416
428,0.1276789458262003
429,0.12765791679832184
430,0.1276397938965904
431,0.12762333745113041
432,0.12760237763285262
433,0.12758091455946852
434,0.12756144788096813
435,0.1275387903011229
436,0.12751130936993224
437,0.12747887864107021
438,0.1274550160484273
439,0.12742631516559533
440,0.1273982437505271
441,0.1273738749554593
442,0.12734781203191056
443,0.1273189710610235
444,0.12731298403839492
445,0.12728317527541375
446,0.12727160520732778
447,0.12723644268343404
448,0.12721104196659458
449,0.1271816653456131
450,0.12716052034454786
451,0.127140834228005
452,0.12712482990739754
453,0.12710494859133653
454,0.1270799662018577
455,0.12705108969052809
456,0.12702042755621107
457,0.12700872937359656
458,0.1269849628165193
459,0.1269684305617
460,0.12694520732109202
461,0.1269219412478896
462,0.12689631822808475
463,0.12687061203770414
464,0.1268452115041598
465,0.12682502004966434
466,0.12680484076837856
467,0.1267855944256048
468,0.126765506690546
469,0.12674989388602617
470,0.12673020289787923
471,0.12671551053554406
472,0.12669717281330614
473,0.12666606099552202
474,0.12665175070049198
475,0.12663136558234683
476,0.1266099117896807
477,0.12658984487775626
478,0.12656755343117077
479,0.12654566186328506
480,0.1265273457939106
481,0.12650713236016253
482,0.1264860090036713
483,0.12646363483305964
484,0.12644496700885943
485,0.1264240787921188
486,0.1264041673177069
487,0.1263830167433317
488,0.12636411605367465
489,0.12634992439988818
490,0.1263229390951061
491,0.12629872217569366
492,0.1262735338493804
493,0.12624959992534593
494,0.1262338633698116
495,0.12621286290324418
496,0.12619095347414389
497,0.12618237600295543
498,0.1261665068430065
499,0.12615340110875806
500,0.12612859106013982
501,0.1261068834071233
502,0.12608393053107955
503,0.1260611834356103
504,0.12604068294300474
505,0.12601164481387678
506,0.1259882598174991
507,0.12596817130927954
508,0.1259565527370419
509,0.12594063717045434
510,0.1259198229796586
511,0.12589930763320187
512,0.12587980804573395
513,0.12586695516934038
514,0.12584764539598509
515,0.12583253062902736
516,0.12581483702389468
517,0.12579962431097272
518,0.12578250733220872
519,0.12576492049843654
520,0.12574782609977675
521,0.12573500523814296
522,0.12571970048813305
523,0.12570209675899782
524,0.12567564824808286
525,0.1256613702112772
526,0.12564190980556497
527,0.12562187613009856
528,0.1256055864168224
529,0.1255847521498999
530,0.1255657511201439
531,0.12554742146613018
532,0.12552182048535598
533,0.12550297155906776
534,0.12548379947835628
535,0.12546071874867196
536,0.1254363075347864
537,0.12541904331807727
538,0.1253979592390353
539,0.12538369366710694
540,0.1253689152732205
541,0.1253541001569911
542,0.1253367188470048
543,0.12531425455907433
544,0.12530133921055198
545,0.12528259270499034
546,0.12526043197496636
547,0.1252455025035104
548,0.12522572958660025
549,0.12521476209869853
550,0.12519781636259034
551,0.12517592543037728
552,0.12515390696644338
553,0.1251367882218079
554,0.12512124706363312
555,0.1250977281827265
556,0.125079470773883
557,0.12506049145854858
558,0.12504504198388175
559,0.1250281498648448
560,0.12501011743021354
561,0.12499289324110865
562,0.12497128983141577
563,0.1249528694458375
564,0.12493644535296812
565,0.12492374170697056
566,0.12490691393797711
567,0.12488837073140172
568,0.12486636845142882
569,0.1248519193881765
570,0.12483925491989889
571,0.12482097325390627
572,0.12480537766445617
573,0.12479372642216666
574,0.12477376972221178
575,0.12476156318796167
576,0.12474493717535648
577,0.12472771122285689
578,0.12471314275113085
579,0.12469374321215586
580,0.12467785021896466
581,0.12466683078977696
582,0.12465153064664605
583,0.12464097102246526
584,0.12462039817485057
585,0.12460031892878175
586,0.12458065230712369
587,0.12456097457837038
588,0.12454369736553143
589,0.12453079131325774
590,0.12451354283099766
591,0.12449989900088386
592,0.12448415914027562
593,0.12447163584209747
594,0.12445472925021542
595,0.12443664351166189
596,0.12442119855974852
597,0.12441029322964545
598,0.12439236854965784
599,0.12437345437121639
600,0.12436464250874031
601,0.12433873025078554
602,0.12431965237958172
603,0.12430313645128552
604,0.12429169916573382
605,0.12426847138485891
606,0.12425058529727187
607,0.12423320343054349
608,0.12421840765391928
609,0.12420804528911877
610,0.12419373585492655
611,0.12417614300743134
612,0.12415594264031529
613,0.1241434796194561
614,0.12412760725225817
615,0.12410872714863291
616,0.12410019431345454
617,0.12408727213877258
618,0.12407127300371847
619,0.12405686749714824
620,0.12404194692049658
621,0.1240275553820831
622,0.12402072111116652
623,0.1240042143642018
624,0.12399032474891666
625,0.12397631409637433
626,0.12396265112953574
627,0.12394785917285263
628,0.12393512598298245
629,0.12391808238748357
630,0.12390823512587128
631,0.12389352878411403
632,0.12387532223730105
633,0.1238592565083409
634,0.12383742165518793
635,0.1238212438485814
636,0.12380260895376281
637,0.12378877587598851
638,0.12377863518948859
639,0.12376456508892829
640,0.12375092392541057
641,0.12373515938246539
642,0.12372703794917428
643,0.12371366360197888
644,0.12369306500262443
645,0.1236761544459031
646,0.12366237944414195
647,0.12365394563730504
648,0.12363728110723597
649,0.12361831414403339
650,0.12360373993137361
651,0.12358666709006715
652,0.12357569542155926
653,0.1235590009205872
654,0.12354455282574853
655,0.12353977907789236
656,0.12352256061976516
657,0.12351643105737976
658,0.12350257888815645
659,0.12348850481299879
660,0.1234673092772534
661,0.1234522835922469
662,0.12343906035902372
663,0.12342337337558781
664,0.12341087243676652
665,0.12340149378025202
666,0.12339213128390655
667,0.12337564749899407
668,0.12335743928514932
669,0.12334171507219613
670,0.12333005016972462
671,0.12330964430338766
672,0.12329529479372701
673,0.1232808689013354
674,0.12327274699133899
675,0.12325781775772149
676,0.1232434975364041
677,0.12322986658459492
678,0.12321713840867811
679,0.12320441265923932
680,0.12318527067511781
681,0.12316928596500692
682,0.12315704338780967
683,0.12313482405664901
684,0.12312231091099216
685,0.12310887553673927
686,0.12309471971725718
687,0.12308143352983578
688,0.12306951301792278
689,0.12305726984144072
690,0.12304657825282622
691,0.1230320327483071
692,0.12302071650446945
693,0.12300772003882311
694,0.12299394280749368
695,0.12298160713919
696,0.1229755845176898
697,0.12296144444056022
698,0.12294439778018339
699,0.12293048364534416
700,0.12291979374647022
701,0.12290783514117509
702,0.12289439171010628
703,0.12288342975283513
704,0.12287315797536931
705,0.1228553533439468
706,0.12284197510951544
707,0.12282938794204508
708,0.12281118258183177
709,0.12280029885411226
710,0.12279347956769385
711,0.12278675388252536
712,0.12277637965582029
713,0.12276400875059339
714,0.12275141874510458
715,0.12273683053126355
716,0.12272396421079314
717,0.12270911620642731
718,0.12269337085586215
719,0.12268289234040797
720,0.12266964087333107
721,0.12265946760608154
722,0.12264301587697238
723,0.1226274506289802
724,0.1226131857517921
725,0.1226001889044011
726,0.12258413538470342
727,0.12257274998263692
728,0.12255976186295027
729,0.12254280505621651
730,0.12253215670864702
731,0.12251886457998934
732,0.12250641067828988
733,0.1224936251976334
734,0.12248658133927916
735,0.12247257804601457
736,0.1224630551376685
737,0.12244864119110582
738,0.12243640637658426
739,0.12242679087538852
740,0.12241606408021494
741,0.12240441853712836
742,0.12239546923455778
743,0.12237871532423066
744,0.12236941331743553
745,0.12235255206523499
746,0.12234193490356185
747,0.12233450355961753
748,0.12232955360571243
749,0.12231975283862914
750,0.122306512323047
751,0.12229134219541399
752,0.12228159767145934
753,0.12226571209798141
754,0.1222493181667148
755,0.12223758830480985
756,0.12223110727315432
757,0.12222143939568454
758,0.12220891231758488
759,0.12219690751861571
760,0.12218284758953257
761,0.12216828358671296
762,0.12215519083881418
763,0.1221452673384721
764,0.12213768000423328
765,0.1221269769730713
766,0.12211294117378921
767,0.1221017728174904
768,0.12209445405772464
769,0.12208245042873866
770,0.12206894769691315
771,0.12205363559306172
772,0.12203798937138143
773,0.12202062882050099
774,0.12200992915564715
775,0.12199828859742223
776,0.12198777062124033
777,0.12197852400147502
778,0.12197245903606042
779,0.12196439213257178
780,0.12195157614226843
781,0.12193927646442641
782,0.12192778362123692
783,0.12191540112193022
784,0.12190635356739983
785,0.12189223953149304
786,0.12188254603446903
787,0.12187355625746264
788,0.1218645323884167
789,0.12185499810796649
790,0.12184717663329973
791,0.12183872582607383
792,0.12182960347799322
793,0.12181984559043642
794,0.12180710894338129
795,0.1217959965305275
796,0.1217878689144181
797,0.12177730912710129
798,0.12176787885062261
799,0.12175265124418576
800,0.12174079625325401
801,0.12173479742716722
802,0.12172248923572297
803,0.12171223930313607
804,0.12170194163944534
805,0.12169425283029671
806,0.12168385570045591
807,0.12167427091446552
808,0.12166412925907062
809,0.12165472516380473
810,0.12164705196857106
811,0.12164042734381908
812,0.12162943209539046
813,0.12161449896960982
814,0.1215993688844983
815,0.12158691129521752
816,0.12157671668455165
817,0.12156087921001643
818,0.1215499155666435
819,0.12154320309287228
820,0.12153057577723958
821,0.12151927029544025
822,0.12150644467332386
823,0.12149547470876447
824,0.12148207783809249
825,0.12146992548331972
826,0.12145824187612661
827,0.12144924273556185
828,0.12143687696992267
829,0.12142265521789138
830,0.1214113120296589
831,0.12139677134768039
832,0.12138487539276267
833,0.12137739776669192
834,0.12136908808662805
835,0.12135956329861913
836,0.1213472174382559
837,0.12133229656570492
838,0.12131693448536682
839,0.12131002281011874
840,0.1212951863555978
841,0.12128490859109875
842,0.12127496899658509
843,0.121267536374622
844,0.12125653853584412
845,0.12124645651977034
846,0.12123359672081195
847,0.12122528544808622
848,0.12121787908145595
849,0.1212084685862786
850,0.12119604688108472
851,0.12118653822367041
852,0.12117615357952566
853,0.12116436770428618
854,0.12115540787575177
855,0.12114462202385957
856,0.12113671006046355
857,0.12112641243769112
858,0.12111529219230235
859,0.12110456291624018
860,0.12109392399604713
861,0.12108529034068785
862,0.12107851609381175
863,0.1210703594014931
864,0.1210610296798007
865,0.12105093055081569
866,0.12104336848988434
867,0.12103081717211317
868,0.12102091224493748
869,0.12100937360593926
870,0.12099970209839825
871,0.12099036702254179
872,0.12097671857181974
873,0.12096546921075327
874,0.12095307640269479
875,0.12094547366791962
876,0.12093599704160905
877,0.12092643228865087
878,0.12091650990299387
879,0.12090406906145035
880,0.12089316936248357
881,0.1208818438058573
882,0.12087502050819973
883,0.12086663737117383
884,0.12085693211755033
885,0.12084807868632262
886,0.12083799518879684
887,0.120829542672361
888,0.12082019310171233
889,0.12081197259718308
890,0.12080719690044696
891,0.1207959453821161
892,0.1207876070352917
893,0.12077676049986669
894,0.12076731740693232
895,0.12075886104787799
896,0.1207528218291334
897,0.12074150057083026
898,0.12072951191490594
899,0.12072252949844732
900,0.12071341198324638
901,0.12070024497485705
902,0.12068748683027854
903,0.12068089612623543
904,0.12066912660971273
905,0.12066025073307449
906,0.12064672509208064
907,0.12063671780265903
908,0.12062598672623213
909,0.12061583030570928
910,0.12060502664205676
911,0.12059518035758665
912,0.12058406370197235
913,0.12057505691743475
914,0.12056257734284186
915,0.1205556552545146
916,0.12054601735237669
917,0.12053554694992304
918,0.1205269259889642
919,0.12051201152110803
920,0.12050146236152191
921,0.12049141623280797
922,0.12048042516514276
923,0.12047314684722936
924,0.12046345541871258
925,0.12045614191799485
926,0.12044361173736572
927,0.12043494461517389
928,0.12042034621488902
929,0.12041451867955157
930,0.12040567272875108
931,0.12039898363050101
932,0.12039267912917113
933,0.12037998633775271
934,0.12037134052792708
935,0.12035919575133412
936,0.12035166262777416
937,0.12034879840578253
938,0.12034102234020673
939,0.12033426301704314
940,0.1203208547984086
941,0.12031397280412372
942,0.12030960996903815
943,0.12029539897830294
944,0.12028524626952798
945,0.12027523494219891
946,0.12026715429978796
947,0.12025746638428961
948,0.12024638678747925
949,0.12023848067113663
950,0.12022724323372878
951,0.1202187322381484
952,0.12021141574942641
953,0.12020199540146258
954,0.12019195225701675
955,0.12018041165220816
956,0.12017551720018081
957,0.1201656675059566
958,0.12015753510422618
959,0.12014854418863921
960,0.12013935781429355
961,0.1201337037968369
962,0.12012387059716761
963,0.1201182360904259
964,0.12011111465047594
965,0.12010783377405863
966,0.12010429276642585
967,0.12009323339482103
968,0.12008565301391518
969,0.12007637309835135
970,0.12006964778580634
971,0.12005847652086596
972,0.12005421687627912
973,0.12004830478585674
974,0.12004000919483715
975,0.12002968744239705
976,0.12001958059134947
977,0.12000890381651275
978,0.11999980468268702
979,0.1199910997498824
980,0.11998451030612471
981,0.11997762984841599
982,0.11997231302659837
983,0.1199646144667878
984,0.1199582805143496
985,0.11995086688412748
986,0.11994070513769063
987,0.11992840559810974
988,0.11992421427476788
989,0.11991672678869573
990,0.11990746712952495
991,0.11989929391310482
992,0.11989071701507065
993,0.11987938806583634
994,0.11987239363745726
995,0.11986539888710138
996,0.11985647050395815
997,0.1198481316686519
998,0.11984167805468258
999,0.1198351142036932
1000,0.1198250260112229
1001,0.1198150551695431
1002,0.11980003156769456
1003,0.11979100652195394
1004,0.11978298484683765
1005,0.11977382975119243
1006,0.11976466671331289
1007,0.11975517492159045
1008,0.11974975282755923
1009,0.11974158040951632
1010,0.1197292130367123
1011,0.11971751743556697
1012,0.11971016987805269
1013,0.1197011234198524
1014,0.11969596604458319
1015,0.11968792704339182
1016,0.11967983595599264
1017,0.11966877899862295
1018,0.11966009376999576
1019,0.11965074860562658
1020,0.11964647282494227
1021,0.11963942595742624
1022,0.11962988781531166
1023,0.1196237102186452
1024,0.1196164636064766
1025,0.11960585672726386
1026,0.11960100172116485
1027,0.11959328679761168
1028,0.11958467878658378
1029,0.11957904748843311
1030,0.11956732536768831
1031,0.11955797102530288
1032,0.11954845172609406
1033,0.11953837562841786
1034,0.11952954097312926
1035,0.11952307683984932
1036,0.11951269252045311
1037,0.11949934517937086
1038,0.11949153423734066
1039,0.11948536150127682
1040,0.11947187821006622
1041,0.1194627379515633
1042,0.11945261418704825
1043,0.11944830708431453
1044,0.1194423413296781
1045,0.11943412483373327
1046,0.11942774225428089
1047,0.11942012009369682
1048,0.11941103194563758
1049,0.11940249143705414
1050,0.11939597063592051
1051,0.11939307049507601
1052,0.11938517829572153
1053,0.11937786295666067
1054,0.11936760166644729
1055,0.11935814265594433
1056,0.11934703098878939
1057,0.11934234344170579
1058,0.11933412522766922
1059,0.11932715826271482
1060,0.11932116948467879
1061,0.11931364289654306
1062,0.11930153565067929
1063,0.11929779125842746
1064,0.11928816425744265
1065,0.11927737079925166
1066,0.11926994736668727
1067,0.11926309539865312
1068,0.11925907314823389
1069,0.11924964875266927
1070,0.11923815103710687
1071,0.11922808307305358
1072,0.11921629203918008
1073,0.1192085162889162
1074,0.11920127398966406
1075,0.11919033327264636
1076,0.11917919026971788
1077,0.11917347764938631
1078,0.11916783304838219
1079,0.11915965777244238
1080,0.11915452997525945
1081,0.11914699388486588
1082,0.11913885834724343
1083,0.11913331197240366
1084,0.119126721995052
1085,0.11911924743117103
1086,0.11910960131557732
1087,0.11910150226599502
1088,0.11909570467548267
1089,0.11909217211225381
1090,0.11908283313689806
1091,0.11907165480669775
1092,0.11906434717286393
1093,0.11905700224670004
1094,0.1190476636009841
1095,0.11903935506097993
1096,0.11903238161710065
1097,0.11902438136808718
1098,0.11901262526289604
1099,0.1190063206397561
1100,0.11899933735296662
1101,0.11899119281081057
1102,0.11898452785941456
1103,0.11897889374364916
1104,0.11897021788686629
1105,0.11896503715931739
1106,0.11895669869422092
1107,0.11894917073012251
1108,0.11894343081330105
1109,0.11893925611385893
1110,0.11893157375516145
1111,0.11892322861127981
1112,0.11891378308123976
1113,0.11890648482136422
1114,0.11889549674585438
1115,0.11888707596221988
1116,0.11888177357253588
1117,0.11887235937734023
1118,0.1188641696721801
1119,0.11886151077914098
1120,0.11885553159256075
1121,0.11884697679368955
1122,0.11883720246861898
1123,0.11883074126379252
1124,0.11882371048913391
1125,0.11881392007187468
1126,0.11881141648115699
1127,0.11880245603885788
1128,0.11879560115272737
1129,0.1187861188517233
1130,0.11877769163293223
1131,0.11877383292459685
1132,0.11876601818252101
1133,0.1187584059297666
1134,0.11875425178042343
1135,0.11874520571396896
1136,0.11873431191915047
1137,0.11873237042268989
1138,0.11872103129206592
1139,0.11871382538648498
1140,0.11870640355314988
1141,0.11869969574828902
1142,0.1186940908351257
1143,0.1186884195511517
1144,0.11868174174261063
1145,0.11867540075292116
1146,0.11866870290795724
1147,0.11866047175945968
1148,0.11865565804837402
1149,0.11864736726626152
1150,0.11863856573859632
1151,0.11863097299325921
1152,0.1186191306797306
1153,0.11861279660251134
1154,0.11860658324794601
1155,0.11860055704266849
1156,0.11859485800780768
1157,0.11858648332779925
1158,0.118577878096313
1159,0.11857113144753459
1160,0.11856540182789815
1161,0.11855553833502333
1162,0.11854936974073146
1163,0.11854139635989706
1164,0.11853714979401539
1165,0.11853027658822414
1166,0.11852024721290494
1167,0.11851529757838804
1168,0.1185094783508939
1169,0.11850409752650998
1170,0.11849744052926527
1171,0.11849225800621355
1172,0.11848586697240156
1173,0.11847896689713858
1174,0.11847301154411073
1175,0.11846457580087807
1176,0.1184573692844622
1177,0.118451178119706
1178,0.11844451490559305
1179,0.11843795149345665
1180,0.11843347955926889
1181,0.11842440229859297
1182,0.11841662878004815
1183,0.11841143104549147
1184,0.11840734882013167
1185,0.11840226387738957
1186,0.11839623813812862
1187,0.11839058600799829
1188,0.11838505922677058
1189,0.11837637146250139
1190,0.1183691733101522
1191,0.11836402672960737
1192,0.11835707609812553
1193,0.11835029986569315
1194,0.11834241882041836
1195,0.11833701265424257
1196,0.11833024409441754
1197,0.11832300022306272
1198,0.11831733287661522
1199,0.11830874167810468
1200,0.11830047327968532
1201,0.11829441444954553
1202,0.11828304912006503
1203,0.11827676702697858
1204,0.11826960207122127
1205,0.11826385121084618
1206,0.11825872006518326
1207,0.1182542773803061
1208,0.11825024984125625
1209,0.11824427701357756
1210,0.11823680040830516
1211,0.11823353599219798
1212,0.11822643062160988
1213,0.11822339613428916
1214,0.11821674750160426
1215,0.11821488467473107
1216,0.11820771115765806
1217,0.11820090706027107
1218,0.1181936314560626
1219,0.11818752585913221
1220,0.11818181274386806
1221,0.11817564358594514
1222,0.118166880502063
1223,0.11815923396270207
1224,0.11815287575817715
1225,0.11815143805360803
1226,0.118145872884412
1227,0.1181383272224629
1228,0.11812936957074456
1229,0.11812405364793463
1230,0.11811888776934351
1231,0.11810903444208862
1232,0.11810377657530743
1233,0.1180971278437169
1234,0.118087076427292
1235,0.11808163579915336
1236,0.11807503649119662
1237,0.11806640925029463
1238,0.11806072517326663
1239,0.1180513326553122
1240,0.11804104201379023
1241,0.1180336956161213
1242,0.11802313901330773
1243,0.11801590469923837
1244,0.11800867348720977
1245,0.11800195845616208
1246,0.11799488899042715
1247,0.11799026465668837
1248,0.11798504183046218
1249,0.11798015399298638
1250,0.11797128295053147
1251,0.11796885515443567
1252,0.11796118844236628
1253,0.11795663093198755
1254,0.11795237482217405
1255,0.11794491197709546
1256,0.1179379165466305
1257,0.11792947944649208
1258,0.11792483500775754
1259,0.11791921781941245
1260,0.11791224098951983
1261,0.1179065763872603
1262,0.11790483091375244
1263,0.11789697991442424
1264,0.11789523370120353
1265,0.11788701139443367
1266,0.11787983527227423
1267,0.11787245463524948
1268,0.11786626863862579
1269,0.11786127830389335
1270,0.1178549284246163
1271,0.11784707591269068
1272,0.11784301471356097
1273,0.11783876810724334
1274,0.11783374241682325
1275,0.11782787553514562
1276,0.11782092895546241
1277,0.11781464068045436
1278,0.11781111051771466
1279,0.1178040222553978
1280,0.11779824242061768
1281,0.1177920926173677
1282,0.11778648924879784
1283,0.1177800314625633
1284,0.11777245461241047
1285,0.11776743541636978
1286,0.1177580575189921
1287,0.11775151822278643
1288,0.11774618015860791
1289,0.11774144620222132
1290,0.11773401457719844
1291,0.11772816414452553
1292,0.1177214032613051
1293,0.11771165213423795
1294,0.1177053921420464
1295,0.11769899304416298
1296,0.11769442672672827
1297,0.11768612450408208
1298,0.11767900468514904
1299,0.11767111678502114
1300,0.11766455682414143
1301,0.11765824411632549
1302,0.11765309724226547
1303,0.11764712688571126
1304,0.11764091984737331
1305,0.11763339997971695
1306,0.11762603158461946
1307,0.11762053621726577
1308,0.11761770900255959
1309,0.11761111059387201
1310,0.11760802697572559
1311,0.11760542797890794
1312,0.11760061531917755
1313,0.11759003951237228
1314,0.11758578673372125
1315,0.117579245606576
1316,0.11757371321265254
1317,0.1175669914004407
1318,0.11756161609342577
1319,0.11755472099129098
1320,0.11754743102661824
1321,0.11753959254201722
1322,0.11753451953168212
1323,0.11753005328491903
1324,0.11752509817226765
1325,0.11751933451968377
1326,0.11751455402566559
1327,0.11750790210495078
1328,0.11750015319288099
1329,0.11749230820239688
1330,0.11748549442831577
1331,0.11747812351990923
1332,0.11747122064236516
1333,0.11746250480118335
1334,0.1174577621793089
1335,0.11745271646030468
1336,0.11745102567256982
1337,0.11744179805488376
1338,0.11743639935221026
1339,0.1174319902754196
1340,0.11742585739059902
1341,0.11741850540735248
1342,0.11741128545237427
1343,0.11740335343338004
1344,0.11739855243910988
1345,0.11739120858046612
1346,0.1173832862694499
1347,0.11737604237726179
1348,0.11737111827382872
1349,0.11736341101691726
1350,0.11735967520115508
1351,0.11735483709452682
1352,0.11735182984682796
1353,0.11734491070427384
1354,0.11734363330499697
1355,0.11733751428032214
1356,0.11733158573942634
1357,0.11732336821907961
1358,0.11731760806932752
1359,0.11731208225717116
1360,0.11730437454257167
1361,0.11729678290295077
1362,0.11729084422318795
1363,0.1172873316466791
1364,0.1172809192743562
1365,0.1172747062159715
1366,0.1172712197044582
1367,0.11726392580443254
1368,0.11725568426208413
1369,0.11724983217621242
1370,0.11724394785438498
1371,0.11723969502707496
1372,0.1172341170974057
1373,0.1172286386589959
1374,0.11722133234266761
1375,0.1172124229974092
1376,0.1172058174208242
1377,0.11720193732213995
1378,0.11719844669599182
1379,0.11719204837957344
1380,0.11718541267925572
1381,0.11717870483947551
1382,0.11717448435116026
1383,0.11717051975367514
1384,0.11716638563478592
1385,0.11716242936384437
1386,0.11715600363387103
1387,0.11714959983174175
1388,0.117145063322289
1389,0.11714068059847113
1390,0.11713551149843926
1391,0.11713335030709347
1392,0.11713014043845073
1393,0.1171221238504166
1394,0.117116762038824
1395,0.11711219601596841
1396,0.11710899464758606
1397,0.1171047279330543
1398,0.11710010780272335
1399,0.11709621887513136
1400,0.11708914427336124
1401,0.11708137107561513
1402,0.11707337308377631
1403,0.11706933885815322
1404,0.11706072408033595
1405,0.11705337940934328
1406,0.11704829670369152
1407,0.11704151397556645
1408,0.11703367250937254
1409,0.11703063821903117
1410,0.1170230002019819
1411,0.1170165189025787
1412,0.11701208542140579
1413,0.11700254349875493
1414,0.11699850510988662
1415,0.1169941298077883
1416,0.1169897844755146
1417,0.11698347824837231
1418,0.11697823928745994
1419,0.11697445963818542
1420,0.1169679221966393
1421,0.11696297636886747
1422,0.11695952671895803
1423,0.11695336498028797
1424,0.1169482348861643
1425,0.11693972551487089
1426,0.11693516770438558
1427,0.11692990422738489
1428,0.11692207222681118
1429,0.11691766601960633
1430,0.11691386113970594
1431,0.11690928584169939
1432,0.11690249756283352
1433,0.1168969599013382
1434,0.11689180417336137
1435,0.11688731249020289
1436,0.11687822742058143
1437,0.11687189246605607
1438,0.11686677253723311
1439,0.11686113280793846
1440,0.11685328826046909
1441,0.11684989923720777
1442,0.11684579886212688
1443,0.11684026926378707
1444,0.11683552081066935
1445,0.11683100274340409
1446,0.11682365231218608
1447,0.11681838443936686
1448,0.11680783891116883
1449,0.11680348833736927
1450,0.11679928941094965
1451,0.11679451790319195
1452,0.11678705683937986
1453,0.11678056629580043
1454,0.11677408257003431
1455,0.1167689058444812
1456,0.11676182708789815
1457,0.11675902472502817
1458,0.11675432045694321
1459,0.11674751678806444
1460,0.11674071820201971
1461,0.11673861363159642
1462,0.11673259869946837
1463,0.11672765060358745
1464,0.11672139371713759
1465,0.11671695897330137
1466,0.11671318720658094
1467,0.11670789592486812
1468,0.1167021007939602
1469,0.11669709857607556
1470,0.11669041825151229
1471,0.11668682240643193
1472,0.11668338740659141
1473,0.11667928845571596
1474,0.1166753825610664
1475,0.11666759647482343
1476,0.11666072393703993
1477,0.11665690357188165
1478,0.11665493691164226
1479,0.11665201878556222
1480,0.11664655245661311
1481,0.11664293435228978
1482,0.11664051667252923
1483,0.11663700172491451
1484,0.11663023382022032
1485,0.1166217381392792
1486,0.116614756463383
1487,0.11660843944828347
1488,0.11660457831129045
1489,0.11659829398156102
1490,0.11659414551784732
1491,0.11658821514990211
1492,0.1165830636207745
1493,0.11657594608700275
1494,0.11656831673322085
1495,0.11656461773868274
1496,0.11656167714417137
1497,0.11655594202923103
1498,0.11655288147622028
1499,0.11654958558896719
1500,0.11654212654354036
1501,0.1165362072189467
1502,0.11653276877296803
1503,0.11653046639143595
1504,0.11652649487837387
1505,0.1165195470707665
1506,0.1165157640593325
1507,0.11651244282023511
1508,0.11650731298462204
1509,0.11649911601993315
1510,0.11649194026122585
1511,0.11648531840936184
1512,0.1164797691837901
1513,0.1164715365512173
1514,0.11646646058124789
1515,0.11646324920481914
1516,0.11645879279974652
1517,0.1164533720175575
1518,0.11644980328035111
1519,0.11644428506926867
1520,0.11643778995775657
1521,0.11643215978085583
1522,0.11642796197350733
1523,0.11642198358778262
1524,0.11641781025397448
1525,0.1164112372516646
1526,0.11640662587909655
1527,0.11640328357589365
1528,0.1163961608257099
1529,0.11639061689334358
1530,0.11638320889258975
1531,0.11637826152499878
1532,0.11637297897152574
1533,0.11636873122879308
1534,0.11636483831321104
1535,0.11636088620976925
1536,0.11635500335919097
1537,0.11634870348395628
1538,0.11634398372285679
1539,0.11633845022189908
1540,0.11633200711621998
1541,0.11632609113440391
1542,0.1163202476035904
1543,0.11631504624951866
1544,0.11631024599770735
1545,0.11630501528464514
1546,0.1162962246007221
1547,0.11629120082392211
1548,0.11628695358766689
1549,0.11628093637658403
1550,0.11627866436864809
1551,0.11627455836919683
1552,0.11627070936553738
1553,0.11626877099291756
1554,0.1162635145675185
1555,0.11625994435087207
1556,0.11625664413710317
1557,0.11625108910813889
1558,0.11624541760237364
1559,0.11623751427034391
1560,0.11623348881126047
1561,0.11622804918976111
1562,0.11622370579918764
1563,0.1162181766756057
1564,0.11621430806755297
1565,0.11621177108026819
1566,0.11620754543406271
1567,0.11620427845650559
1568,0.11619840267133749
1569,0.11619183706586261
1570,0.11618821476170224
1571,0.11618312096476434
1572,0.11617592856818997
1573,0.11617197938975975
1574,0.1161663554743465
1575,0.11615879548150473
1576,0.11615408964724444
1577,0.11614726940372325
1578,0.11614141595869462
1579,0.11613658516059995
1580,0.11612938748158148
1581,0.11612460641930585
1582,0.1161218880057538
1583,0.11611718081745728
1584,0.11611119420236393
1585,0.11610736338504206
1586,0.11610265089683147
1587,0.11609858270029924
1588,0.11609449033162982
1589,0.11608918945837517
1590,0.11608583988301938
1591,0.11608017537110693
1592,0.11607473363045186
1593,0.11606888638163478
1594,0.11606616991221606
1595,0.11606229259077522
1596,0.11605767430656634
1597,0.11605275894409356
1598,0.11604897562192684
1599,0.11604391773835039
1600,0.11603926135747562
1601,0.11603501192808363
1602,0.11602770040343331
1603,0.11602175840888258
1604,0.11601946425337092
1605,0.11601259711146517
1606,0.1160069111423456
1607,0.11600291035584744
1608,0.11599887842232208
1609,0.11599574315056818
1610,0.1159922926796756
1611,0.11598845412214401
1612,0.1159848951157585
1613,0.11598059029991528
1614,0.11597658844983072
1615,0.1159734227342893
1616,0.11596753050477361
1617,0.11596183142892777
1618,0.1159563360412334
1619,0.11594857033991257
1620,0.11594599760064024
1621,0.11594195689258788
1622,0.11593944337326913
1623,0.1159316687760762
1624,0.11592824513298329
1625,0.1159227231736249
1626,0.11591743760976345
1627,0.11591357923907847
1628,0.11590878563845619
1629,0.11590730411712534
1630,0.11590495211943856
1631,0.11590154871500516
1632,0.11589816119121807
1633,0.1158932989236428
1634,0.1158890418262681
1635,0.1158865812841683
1636,0.11588213175869598
1637,0.1158772044354999
1638,0.11587228847372918
1639,0.11586700383861517
1640,0.11586296094917592
1641,0.11586044652767305
1642,0.11585579922337437
1643,0.11585045510482528
1644,0.11584626000295944
1645,0.1158423377345273
1646,0.11583866518210746
1647,0.1158362409640478
1648,0.1158305707644466
1649,0.11582745964320855
1650,0.1158239355129062
1651,0.11582040911388117
1652,0.11581414282691839
1653,0.11580727735624902
1654,0.11580200550844325
1655,0.11579939678983432
1656,0.11579285875287673
1657,0.11578806290061623
1658,0.11578364195091766
1659,0.11578068458586002
1660,0.1157774552487201
1661,0.11577018575938132
1662,0.11576511834427865
1663,0.11575983081682358
1664,0.11575165288753808
1665,0.11574745034880807
1666,0.11574203813401371
1667,0.11573691756191266
1668,0.1157323529211126
1669,0.11572548939911101
1670,0.11572102803002547
1671,0.11571536080858699
1672,0.11571282164129766
1673,0.115704132546207
1674,0.1156970151776897
1675,0.1156956908746989
1676,0.11569240130108127
1677,0.11568823101063806
1678,0.11568510914272402
1679,0.11568057025697004
1680,0.11567591220556038
1681,0.11567249305461315
1682,0.11566780804524075
1683,0.1156628603715027
1684,0.11565778212758794
1685,0.11565199463408561
1686,0.11564989881616827
1687,0.11564338026512337
1688,0.11563756022082762
1689,0.11563257499528454
1690,0.11562808538885001
1691,0.11562527972586206
1692,0.11562183782029319
1693,0.11561879429784751
1694,0.11561511993009438
1695,0.11560878598461126
1696,0.1156032224928511
1697,0.11559762162459855
1698,0.1155927875685392
1699,0.11558981358471447
1700,0.11558408553188028
1701,0.11557843772320697
1702,0.11557199062261381
1703,0.11557055040060689
1704,0.11556668188079808
1705,0.11555976650216687
1706,0.1155566516171974
1707,0.11555254267208502
1708,0.11554787337629055
1709,0.1155433126206585
1710,0.11554212749300755
1711,0.1155360284686935
1712,0.11553367445079521
1713,0.11552399735803937
1714,0.1155170525223224
1715,0.11551188966865178
1716,0.11550685133409841
1717,0.11550233614318459
1718,0.11549592274682341
1719,0.11549293466596257
1720,0.11549015855035502
1721,0.11548460609546968
1722,0.11548126654452041
1723,0.11547749899663315
1724,0.11547545095393147
1725,0.11547142771272075
1726,0.11546835107036349
1727,0.11546587889596799
1728,0.11546255001743753
1729,0.1154562435959598
1730,0.11545070008965048
1731,0.11544800053609437
1732,0.11544215549389739
1733,0.11543871120615334
1734,0.11543562648905387
1735,0.11543247704900789
1736,0.11542692062440517
1737,0.11542426892761515
1738,0.11541893026721857
1739,0.11541697749537214
1740,0.11541408313020671
1741,0.11541154229430094
1742,0.11540685702702415
1743,0.11540057158927437
1744,0.11539818495081473
1745,0.11539602130504983
1746,0.11539105601590162
1747,0.11538528618109267
1748,0.11537790117765515
1749,0.11537351127670749
1750,0.11536947141311044
1751,0.11536483323192626
1752,0.11535827565592444
1753,0.11535272765157363
1754,0.11534835902228528
1755,0.1153456102780501
1756,0.11534117598169073
1757,0.11533681178820998
1758,0.1153318891902509
1759,0.11532886152711472
1760,0.1153246400212035
1761,0.11532132475252278
1762,0.11531658626710527
1763,0.1153133443449814
1764,0.11530884837677033
1765,0.11530272025777019
1766,0.11529871694149389
1767,0.11529374131985
1768,0.11528913274239316
1769,0.11528421289817375
1770,0.11528076926267387
1771,0.11527980338347954
1772,0.11527518831356658
1773,0.11527095161117587
1774,0.11526629948951418
1775,0.1152637111867612
1776,0.11526042581737146
1777,0.11525311457557669
1778,0.11524817399390903
1779,0.1152436915131407
1780,0.11523879319988085
1781,0.11523306122546667
1782,0.1152279875923064
1783,0.11522517046306274
1784,0.1152219302893113
1785,0.11521763591741492
1786,0.11521441107659652
1787,0.11521072958642477
1788,0.11520717947408207
1789,0.11520595653944513
1790,0.11519958312032351
1791,0.11519478625489807
1792,0.1151898379982766
1793,0.11518470838675865
1794,0.11518117072703389
1795,0.11517683567712353
1796,0.11517284679429092
1797,0.11517030875056745
1798,0.11516541946093649
1799,0.11516050981612878
1800,0.1151573425394675
1801,0.11515323180214772
1802,0.11514956440313832
1803,0.11514722326402305
1804,0.11514220155081689
1805,0.1151366221871737
1806,0.11513326448139442
1807,0.1151316597490844
1808,0.11512891643143243
1809,0.11512743519928176
1810,0.1151223522718078
1811,0.11512035371971872
1812,0.11511744037479596
1813,0.11511444434431695
1814,0.11511036197935821
1815,0.11510738287731134
1816,0.11510371827081216
1817,0.1150988766746447
1818,0.11509600675823214
1819,0.1150913276233553
1820,0.11508948785631237
1821,0.11508634204433485
1822,0.11508169412909887
1823,0.11507733085343588
1824,0.11507165912512796
1825,0.11506732497383843
1826,0.1150646411283555
1827,0.11505822465650513
1828,0.11505212175915401
1829,0.11504796009347508
1830,0.11504408859198913
1831,0.11504093897124414
1832,0.11503865624708963
1833,0.11503447557384298
1834,0.11502933617931212
1835,0.11502567980233958
1836,0.11502098742305732
1837,0.11501571292096671
1838,0.11501228682662942
1839,0.11500703511267674
1840,0.11500276923934047
1841,0.11499999116912439
1842,0.114995273963038
1843,0.11499387582473931
1844,0.1149891011089163
1845,0.1149843853493208
1846,0.11498081817093835
1847,0.11497830166827365
1848,0.1149739493727143
1849,0.11497117708224674
1850,0.11496750153217437
1851,0.1149637926012411
1852,0.11495852739282933
1853,0.11495526247090104
1854,0.11495286691269177
1855,0.11494844257839676
1856,0.11494462534535461
1857,0.11494210775187444
1858,0.11493907030540929
1859,0.11493628070786441
1860,0.11493263114505053
1861,0.11492610341737827
1862,0.1149231456226994
1863,0.11491775657092569
1864,0.11491388984652509
1865,0.11491100484449984
1866,0.11490690077403563
1867,0.11490126323722895
1868,0.11489888129347144
1869,0.11489886785010053
1870,0.11489422179567192
1871,0.11488911184102013
1872,0.11488430210303632
1873,0.11488130153464071
1874,0.11487802540781161
1875,0.11487512073364364
1876,0.11487201806757594
1877,0.11486749031348556
1878,0.11486398569778472
1879,0.11485879127027732
1880,0.11485329277710696
1881,0.11485028009844829
1882,0.11484698988623497
1883,0.1148431703244401
1884,0.11483819042437196
1885,0.11483330745884734
1886,0.11482915045086765
1887,0.11482239591228204
1888,0.11481727677741144
1889,0.11481562628238838
1890,0.11481072120694161
1891,0.11480651025513822
1892,0.1148034899617796
1893,0.11479995948471569
1894,0.11479501795775214
1895,0.11479177720927569
1896,0.11478813307245467
1897,0.11478210714907168
1898,0.11477641754273145
1899,0.11477299326396723
1900,0.11476754709542637
1901,0.11476398591967307
1902,0.11475839890244216
1903,0.11475317894282042
1904,0.11475054211983182
1905,0.11474552885794567
1906,0.11474150191252662
1907,0.11473769507171293
1908,0.11473191199121903
1909,0.114729016529838
1910,0.11472373313680147
1911,0.11472024956641172
1912,0.11471696544575528
1913,0.11471253914926972
1914,0.11470892685265811
1915,0.11470617025615401
1916,0.11470354140733569
1917,0.11470154578988014
1918,0.11469690099708323
1919,0.1146916772786652
1920,0.11468746283994219
1921,0.11468440626471917
1922,0.11468180209440598
1923,0.11467786503499815
1924,0.11467320031943162
1925,0.11466990164458787
1926,0.11466533877406564
1927,0.11466071919091615
1928,0.11465853857928517
1929,0.11465418508315094
1930,0.11465201839769709
1931,0.11464711419935551
1932,0.11464277566686126
1933,0.1146369725066488
1934,0.1146343324607546
1935,0.11463087824768751
1936,0.11462724775972473
1937,0.11462425075378521
1938,0.11461797568751177
1939,0.11461478105607507
1940,0.11461092886225081
1941,0.11460820513509136
1942,0.11460433628483276
1943,0.11460215289560421
1944,0.11459837925233111
1945,0.11459416371918556
1946,0.11459050812539558
1947,0.11458670382377244
1948,0.11458240189351057
1949,0.11457479471312675
1950,0.1145731557174957
1951,0.11456627374973224
1952,0.11456195805679557
1953,0.11455698458688297
1954,0.11455475759819261
1955,0.11455044957815157
1956,0.11454719163852334
1957,0.11454221205049438
1958,0.11453848460124902
1959,0.1145330720001887
1960,0.11452870705204378
1961,0.11452538684918752
1962,0.1145212148895547
1963,0.1145167147951071
1964,0.1145117912883626
1965,0.1145067716899565
1966,0.11450445003392028
1967,0.11450114562754105
1968,0.11449928216553179
1969,0.11449767535647434
1970,0.11449464558220249
1971,0.1144895757875343
1972,0.11448732535038908
1973,0.11448594606257705
1974,0.11448188779593602
1975,0.11447913267153527
1976,0.11447509151884602
1977,0.11447124140189446
1978,0.11446802392380495
1979,0.1144629656862278
1980,0.11445798371206205
1981,0.11445678865269718
1982,0.11445465927873266
1983,0.11445261489864425
1984,0.11444958588773764
1985,0.11444571290519383
1986,0.11444463432991238
1987,0.11444029201101232
1988,0.11443340617881927
1989,0.11442668865708581
1990,0.114424044275371
1991,0.11442263026807359
1992,0.11441673423781704
1993,0.11441294231617188
1994,0.1144099693426921
1995,0.11440552058174842
1996,0.11439937463403266
1997,0.11439574721421222
1998,0.11439037202321074
1999,0.11438520504029985
2000,0.1143821824492424
2001,0.11437736751746115
2002,0.11437409952239107
2003,0.11437158889226126
2004,0.11436678749012491
2005,0.1143629986833924
2006,0.1143587912096859
2007,0.11435722920616116
2008,0.11435274698815906
2009,0.11434773772179009
2010,0.1143428854854758
2011,0.11433962854676326
2012,0.1143357596707137
2013,0.11433279891994139
2014,0.11432799901805332
2015,0.11432437495591997
2016,0.11432207228801924
2017,0.11432041936451391
2018,0.11431783461931058
2019,0.1143142479544262
2020,0.11430988922840739
2021,0.11430844003246173
2022,0.11430395613041743
2023,0.11430267913147257
2024,0.11429997320007289
2025,0.11429554203729222
2026,0.11429172864168556
2027,0.11428607477534684
2028,0.11428240670031596
2029,0.11427905050480586
2030,0.11427624210426866
2031,0.11427244534015286
2032,0.11426804564281921
2033,0.11426496065640988
2034,0.11426099224134562
2035,0.11425859384326173
2036,0.11425410537057619
2037,0.11425145846898735
2038,0.11424877776604948
2039,0.11424664804418544
2040,0.1142431296223468
2041,0.11423765751160654
2042,0.11423314044105705
2043,0.11422993528965332
2044,0.11422389525913325
2045,0.11421974932768639
2046,0.11421650211145358
2047,0.11421204714533482
2048,0.11420988941696927
2049,0.11420392546563198
2050,0.11420082818960281
2051,0.11419626318915918
2052,0.11419263823577466
2053,0.11418904769756648
2054,0.11418713110216255
2055,0.11418257578700038
2056,0.11418019285421245
2057,0.11417800758224153
2058,0.11417468233364757
2059,0.11416894757265224
2060,0.11416658458508552
2061,0.1141630026681865
2062,0.11415931530541178
2063,0.11415507283741214
2064,0.11415222101041589
2065,0.11414931296031867
2066,0.11414604656401167
2067,0.11414435226442946
2068,0.11414537864410723
2069,0.11414409221468957
2070,0.11414115225768119
2071,0.11413560549866071
2072,0.11413334187160992
2073,0.11413041678380549
2074,0.11412499001658233
2075,0.11412463485153354
2076,0.11411977622883668
2077,0.11411919169087179
2078,0.11411378277567112
2079,0.11410942829641509
2080,0.11410782669553725
2081,0.11410404380525074
2082,0.11410200355671642
2083,0.11409854146175233
2084,0.11409690886253654
2085,0.1140929690118651
2086,0.11409196494625697
2087,0.11408947664517463
2088,0.11408445718238709
2089,0.11407995867758551
2090,0.11407806501854591
2091,0.11407554137580539
2092,0.11406965003647528
2093,0.11406464029249269
2094,0.11406268023422737
2095,0.11405945386467174
2096,0.114056160206857
2097,0.11405303976434546
2098,0.11404781066712055
2099,0.11404329673098713
2100,0.11404060961454271
2101,0.1140376195293048
2102,0.11403521131763396
2103,0.11403286460267419
2104,0.11402831637108987
2105,0.1140252498740195
2106,0.11402176060535925
2107,0.11402015798654938
2108,0.11401568439015167
2109,0.11401147608884431
2110,0.11401071080656146
2111,0.11400936744647054
2112,0.11400232222788388
2113,0.11399817331104922
2114,0.1139944075171438
2115,0.1139923851312742
2116,0.11398960262457004
2117,0.11398617443981024
2118,0.11398236211426703
2119,0.1139802666528089
2120,0.11397653105960306
2121,0.11397428222101427
2122,0.1139698456180871
2123,0.1139688533185837
2124,0.11396732477469532
2125,0.11396480790295496
2126,0.11396244727206972
2127,0.11395694756233907
2128,0.11395488237718887
2129,0.11395388054310882
2130,0.11394999426526019
2131,0.11394796375281681
2132,0.11394324249221262
2133,0.11394060434044485
2134,0.11393766053618148
2135,0.11393562167011578
2136,0.11393199256144765
2137,0.11392918480698216
2138,0.11392375983664296
2139,0.11391987332158494
2140,0.11391606667942009
2141,0.11391326691665407
2142,0.113911531028578
2143,0.11390600921773787
2144,0.11390269242609295
2145,0.1138990493496711
2146,0.11389547075567318
2147,0.11389050826035037
2148,0.11388739627069065
2149,0.11388430769625446
2150,0.11388147808786658
2151,0.11387915232112344
2152,0.11387659453651229
2153,0.11387372139428448
2154,0.113869872194101
2155,0.11386726452549975
2156,0.1138655464281727
2157,0.11386023026115896
2158,0.1138584237426253
2159,0.11385502483483882
2160,0.1138527964207065
2161,0.11384907750824735
2162,0.11384679974472416
2163,0.11384655245145887
2164,0.11384270845614793
2165,0.11383923657984295
2166,0.11383885139281053
2167,0.1138335327891595
2168,0.11383044371375772
2169,0.11382775449308455
2170,0.11382420687481294
2171,0.11382298696000942
2172,0.11381881660200213
2173,0.11381530121001686
2174,0.11381444163168544
2175,0.11380985670823315
2176,0.11380484468004447
2177,0.11380183675112389
2178,0.11379882434239863
2179,0.1137957144329177
2180,0.11379504398757025
2181,0.1137928841356966
2182,0.11378674543527238
2183,0.1137845693216566
2184,0.11378252700665833
2185,0.11377803483995504
2186,0.11377624145656863
2187,0.11377461654074482
2188,0.11376939074406636
2189,0.11376533727525251
2190,0.11376056524653226
2191,0.11375735091477565
2192,0.11375493003639583
2193,0.11375235498858058
2194,0.11374824644684536
2195,0.11374693221403634
2196,0.11374349866594857
2197,0.11373856631305305
2198,0.11373422576637217
2199,0.11373082844402521
2200,0.11372876452068774
2201,0.1137226412630682
2202,0.1137202466671269
2203,0.11371578972490097
2204,0.11371240498473292
2205,0.11370871665877894
2206,0.11370666275775712
2207,0.11370258587429391
2208,0.11369926880534868
2209,0.11369680248481262
2210,0.11369289285579366
2211,0.11368826788593617
2212,0.11368459231091442
2213,0.11368068518000113
2214,0.11367829985600304
2215,0.11367642785464205
2216,0.11367387586450918
2217,0.11366904644688366
2218,0.1136666657020828
2219,0.11366436723692697
2220,0.11365909501051233
2221,0.11365526244108301
2222,0.1136499374252827
2223,0.11364772246865654
2224,0.11364386613033295
2225,0.1136450211194784
2226,0.11364111881073603
2227,0.11363735666707707
2228,0.11363561987704678
2229,0.11363535357662159
2230,0.1136327012657661
2231,0.11363001680268711
2232,0.11362711269876934
2233,0.11362295847293453
2234,0.11362043658353971
2235,0.11361648013632919
2236,0.11361482890015648
2237,0.11361086925669661
2238,0.11360898214432957
2239,0.11360670217547751
2240,0.11360341280464875
2241,0.11359919897615851
2242,0.11359702713828099
2243,0.1135971790217637
2244,0.1135948547989337
2245,0.11359320730675711
2246,0.11359055383324895
2247,0.11358771304739919
2248,0.11358280720292446
2249,0.11357846564102442
2250,0.1135760430842139
2251,0.11357393908412555
2252,0.1135715139162207
2253,0.11356998156418709
2254,0.11356773498569532
2255,0.11356333089827307
2256,0.11356254643431245
2257,0.1135584354346773
2258,0.11355380446906045
2259,0.11355106786974424
2260,0.11354904149786259
2261,0.11354608195976201
2262,0.11354364981744576
2263,0.11354094436415241
2264,0.11353926918840915
2265,0.11353625974929261
2266,0.11353187058277073
2267,0.11352658268995582
2268,0.1135244001795542
2269,0.11352162598427037
2270,0.11351615587017927
2271,0.11351301002317346
2272,0.11350994449650229
2273,0.11350637969243711
2274,0.11350157293843809
2275,0.11349815971458178
2276,0.11349425516357209
2277,0.11348948490706554
2278,0.11348511707513247
2279,0.11348085792059558
2280,0.11347566331853519
2281,0.11347118581375211
2282,0.11346867672319606
2283,0.11346418157857276
2284,0.11346037386164395
2285,0.11345719261011175
2286,0.11345258266239698
2287,0.11345048200947089
2288,0.11344550512887543
2289,0.11344278057809162
2290,0.11343946374972151
2291,0.1134367544255643
2292,0.11343647022871699
2293,0.11343403557982912
2294,0.11343062382267068
2295,0.1134280762358263
2296,0.11342548328176315
2297,0.11342084995245251
2298,0.11341502594644202
2299,0.11341483208316513
2300,0.11341119387295914
2301,0.11340930344749561
2302,0.11340658260697456
2303,0.11340520917870331
2304,0.11340008061121915
2305,0.11339642509351336
2306,0.11339323908765303
2307,0.11339082124671465
2308,0.11338494652970497
2309,0.1133831571885568
2310,0.11337992814974578
2311,0.11337910738658413
2312,0.11337601111094736
2313,0.1133744228964839
2314,0.11336933718537855
2315,0.11336589966941257
2316,0.11336267349711221
2317,0.11335940322343169
2318,0.11335642792195313
2319,0.11335385235584461
2320,0.11335070371815799
2321,0.11334516619089809
2322,0.11334119020499438
2323,0.1133375844588351
2324,0.11333369715902074
2325,0.1133322970345289
2326,0.11332974822870022
2327,0.11332402490951925
2328,0.11332000297371063
2329,0.113317749494478
2330,0.11331344697684236
2331,0.1133100403585816
2332,0.11330843169651045
2333,0.11330643542359543
2334,0.1133022116303206
2335,0.11330073901265504
2336,0.11329858883393136
2337,0.11329546840299226
2338,0.11329208218624928
2339,0.11328794146383171
2340,0.11328397654891069
2341,0.11327958623532901
2342,0.11327691008266422
2343,0.11327541694604579
2344,0.11327226856042455
2345,0.1132705890149033
2346,0.11326597055351141
2347,0.11326372899638361
2348,0.11326229569664013
2349,0.1132582893826561
2350,0.1132539336224051
2351,0.11324996898371334
2352,0.11324245926671889
2353,0.11323914233942156
2354,0.11323816651946914
2355,0.11323656153501556
2356,0.11323208897430052
2357,0.11322724681074124
2358,0.11322500417183125
2359,0.11322220766022083
2360,0.11322078125247409
2361,0.11321988583142818
2362,0.11321820592591339
2363,0.11321655842996604
2364,0.11321277897980356
2365,0.11320911368669959
2366,0.11320537065580427
2367,0.11320221792076597
2368,0.11319857058298181
2369,0.11319677658715466
2370,0.11319292563866722
2371,0.11319019477994481
2372,0.11318743139711812
2373,0.11318424616373794
2374,0.11318198814822956
2375,0.11318029149841524
2376,0.11317535361371714
2377,0.1131736818647824
2378,0.11317131867527304
2379,0.11316978808505979
2380,0.11316696588144531
2381,0.11316409342700305
2382,0.1131613764537886
2383,0.1131588038863247
2384,0.11315535094153258
2385,0.11315310306672056
2386,0.1131500087581426
2387,0.1131454700830269
2388,0.11314565592115403
2389,0.11314162390127684
2390,0.11314131349476521
2391,0.11313832245266846
2392,0.11313662839957601
2393,0.11313174747351523
2394,0.11312745275624513
2395,0.11312512528085314
2396,0.11312135713766328
2397,0.11311798097563475
2398,0.1131158133314779
2399,0.11311375580774882
2400,0.11311078796293593
2401,0.11310725644601978
2402,0.1131046999036402
2403,0.11310015515451441
2404,0.11309882813460886
2405,0.11309541908469906
2406,0.11309182453050626
2407,0.11308949252528662
2408,0.11308656024177709
2409,0.11308440094142587
2410,0.11308048138814243
2411,0.11307936757193394
2412,0.11307638887472925
2413,0.1130726094733975
2414,0.1130696214515663
2415,0.11306570221029011
2416,0.11306287120032328
2417,0.11305868941481778
2418,0.1130539402771088
2419,0.11305126837193279
2420,0.11304960298824418
2421,0.11304734080614476
2422,0.11304268764406122
2423,0.11303828415214726
2424,0.11303609480097429
2425,0.11303395716280384
2426,0.11303024290630316
2427,0.11302920128247115
2428,0.11302941346587636
2429,0.11302896268781353
2430,0.11302552581108301
2431,0.11302461318574693
2432,0.11301984142742387
2433,0.11301602546465485
2434,0.11301210564514408
2435,0.11300860919345011
2436,0.11300838500000326
2437,0.11300621649150136
2438,0.11300349917958971
2439,0.11300071955296119
2440,0.1129990605035091
2441,0.11299573733672832
2442,0.11299199120129685
2443,0.11298761471716923
2444,0.1129858699290076
2445,0.11298313848043162
2446,0.11297760421747602
2447,0.11297344192844407
2448,0.11297123066944151
2449,0.11296811235226116
2450,0.11296692627755438
2451,0.11296203327928962
2452,0.1129608533039811
2453,0.11295861165430715
2454,0.11295761275259397
2455,0.1129557064097384
2456,0.11295065733515895
2457,0.11294851522968313
2458,0.11294463931420039
2459,0.11294275253081545
2460,0.11294042089335204
2461,0.11293895283188368
2462,0.11293718885087616
2463,0.11293347785451709
2464,0.11292756539011953
2465,0.11292448636288181
2466,0.11292227807876938
2467,0.11291987652712072
2468,0.11291820581189124
2469,0.11291465670117841
2470,0.11291288657296683
2471,0.11291159061621137
2472,0.11290813670751748
2473,0.11290556498407522
2474,0.11290225327838847
2475,0.11290114484177019
2476,0.11289986331429673
2477,0.11289836110892428
2478,0.11289711575986575
2479,0.1128927866810264
2480,0.1128882997520827
2481,0.11288423627735472
2482,0.11288332780794812
2483,0.11288077985057007
2484,0.11287623749266007
2485,0.11287408977692008
2486,0.11286980967236389
2487,0.11286700679732344
2488,0.11286583662074184
2489,0.11286374007005293
2490,0.11286274510936914
2491,0.11286117880040729
2492,0.11285595394361336
2493,0.11285419388273132
2494,0.11285164486375508
2495,0.11284854857716534
2496,0.11284591679077893
2497,0.11283986292978708
2498,0.11283922289172607
2499,0.11283585149571328
2500,0.11283246725876711
2501,0.1128297485353384
2502,0.11282479282674479
2503,0.11282284291665542
2504,0.1128211497566289
2505,0.1128184452179112
2506,0.11281669317687942
2507,0.1128151346966545
2508,0.11281081065172732
2509,0.1128086059289349
2510,0.1128073768310382
2511,0.1128047336367565
2512,0.11280098858517341
2513,0.11279855513003555
2514,0.11279403322772662
2515,0.11279003795792455
2516,0.11278883186765455
2517,0.11278478965408995
2518,0.11278338583306029
2519,0.11278004451730254
2520,0.11277729102679862
2521,0.11277387474878535
2522,0.1127718495907679
2523,0.11277049615434387
2524,0.1127678389876406
2525,0.11276373436215012
2526,0.1127615015456729
2527,0.11275715574212557
2528,0.1127552526743911
2529,0.11275250794405983
2530,0.11275004680373922
2531,0.11274537665379888
2532,0.11274129878881627
2533,0.1127394595372636
2534,0.1127378628459463
2535,0.11273522331394396
2536,0.11273339055810357
2537,0.11272874075404854
2538,0.11272566567335067
2539,0.11272361317673046
2540,0.11272038247210674
2541,0.11271575228958206
2542,0.11271169196071291
2543,0.11270943071878424
2544,0.11270666021332153
2545,0.11270465555029925
2546,0.11270042318689505
2547,0.112696855302885
2548,0.11269642049791383
2549,0.11269335972655521
2550,0.11269108806518831
2551,0.11268812643015237
2552,0.11268631050253575
2553,0.11268381257451006
2554,0.11268088537769543
2555,0.11267930344504364
2556,0.1126777852949178
2557,0.11267496378754968
2558,0.11267347557927662
2559,0.1126697224740006
2560,0.11266823851589637
2561,0.11266526677635125
2562,0.11266246165069169
2563,0.11266188908905708
2564,0.11266155154311414
2565,0.11265901682489228
2566,0.11265740575981982
2567,0.11265349795792348
2568,0.11265056116572662
2569,0.1126491184247035
2570,0.11264725248142429
2571,0.11264575925356338
2572,0.11264400481229028
2573,0.11264050374521531
2574,0.11263938479989322
2575,0.1126354935198935
2576,0.11263470890528521
2577,0.11263027371085793
2578,0.11262776602754342
2579,0.11262614397874735
2580,0.11262335855704375
2581,0.11262126392528088
2582,0.11261762565788229
2583,0.11261439272101136
2584,0.112612192044273
2585,0.1126099926310395
2586,0.11260646625159963
2587,0.11260442772683073
2588,0.11260245995577464
2589,0.11260075246730608
2590,0.11259808603086903
2591,0.11259410539766075
2592,0.11259170937551526
2593,0.11258919245702158
2594,0.11258659389533035
2595,0.11258334797120528
2596,0.11258022406902053
2597,0.11257941364838
2598,0.1125767507445454
2599,0.11257507364672432
2600,0.11257095879613144
2601,0.11256948533400246
2602,0.11256342209635692
2603,0.11256135393874403
2604,0.11255887465546112
2605,0.11255408498668931
2606,0.1125542301445587
2607,0.1125532195896561
2608,0.11255105045795756
2609,0.11254911862627494
2610,0.11254936495363821
2611,0.1125468642001559
2612,0.11254335614423132
2613,0.11254031720098193
2614,0.11253791387877685
2615,0.1125339558585695
2616,0.11253175560018672
2617,0.11252947392992892
2618,0.11252810746945686
2619,0.11252680370704632
2620,0.11252521540548827
2621,0.11252220897311704
2622,0.11252030858352578
2623,0.11251787617179793
2624,0.11251258666743662
2625,0.11250820348503955
2626,0.11250496940477862
2627,0.11250253982177853
2628,0.11249775929134892
2629,0.11249613003128069
2630,0.11249186440874667
2631,0.1124881406236784
2632,0.1124873745430144
2633,0.11248436569040299
2634,0.11248235473781741
2635,0.11247649522674649
2636,0.11247477810920896
2637,0.11247318534933806
2638,0.1124697976230877
2639,0.1124644575824142
2640,0.11246164973483413
2641,0.11245629806605056
2642,0.11245272108837286
2643,0.11244968696092035
2644,0.11244668282375074
2645,0.11244379990933964
2646,0.11244078895362102
2647,0.11243789483232113
2648,0.11243618349113456
2649,0.11243563985373121
2650,0.11243527061478409
2651,0.11243482448855312
2652,0.11243007124133474
2653,0.11242630209565331
2654,0.11242528339366227
2655,0.11242491397227582
2656,0.11242179243062012
2657,0.11241956698808084
2658,0.11241638644223215
2659,0.11241417914827956
2660,0.11241103146501351
2661,0.11240798460725489
2662,0.11240265776391772
2663,0.11240027085303378
2664,0.11239859059942206
2665,0.1123977022261856
2666,0.11239512947823585
2667,0.11239180848042396
2668,0.11238947568962875
2669,0.11238862315529027
2670,0.11238623218136809
2671,0.11238324949874058
2672,0.11237944023935813
2673,0.11237813972955912
2674,0.11237463160958261
2675,0.1123715405030649
2676,0.11237042654293823
2677,0.11236745044223337
2678,0.11236335448157
2679,0.11235868931851396
2680,0.11235545458237006
2681,0.11235197710431906
2682,0.11235148811317079
2683,0.11234941326117591
2684,0.11234623359842184
2685,0.11234405435725948
2686,0.11234175569003299
2687,0.11233714776917023
2688,0.11233545367081058
2689,0.11233376044140646
2690,0.11233151454903811
2691,0.11232746069848457
2692,0.11232409383700599
2693,0.11232153547698284
2694,0.11232032703338198
2695,0.1123180420173022
2696,0.11231743878951768
2697,0.11231492017153592
2698,0.1123123949264114
2699,0.11230981068930705
2700,0.112308938378016
2701,0.11230850904955246
2702,0.11230488342967423
2703,0.1123011599090226
2704,0.11229932214591884
2705,0.11229763148952154
2706,0.1122956626184977
2707,0.11229515255925754
2708,0.1122916440733727
2709,0.11228888688384632
2710,0.11228697889796956
2711,0.11228672263154585
2712,0.11228464800449495
2713,0.11228278025524645
2714,0.11228233440537429
2715,0.1122786806395234
2716,0.11227527698683214
2717,0.11227503980503155
2718,0.11227400331882799
2719,0.1122716242759713
2720,0.1122663330499093
2721,0.11226252232095937
2722,0.11225919390149976
2723,0.11225775753122026
2724,0.112257269490872
2725,0.1122529122728155
2726,0.11224964240076922
2727,0.11224563618627603
2728,0.11224232063402162
2729,0.11224282229440831
2730,0.11223973868470301
2731,0.11223930096042277
2732,0.11223714899006992
2733,0.11223366321763997
2734,0.11223079198899921
2735,0.11222740348968191
2736,0.11222652235710763
2737,0.11222460373924902
2738,0.11222237915029286
2739,0.11222062184357535
2740,0.11221776747363699
2741,0.11221477640112094
2742,0.11221196111048001
2743,0.11221055848693465
2744,0.11220806566788527
2745,0.11220635564339199
2746,0.1122044991840852
2747,0.11220417765057362
2748,0.11220223347800394
2749,0.1122004285048145
2750,0.11219730267321024
2751,0.11219574358913975
2752,0.11219234906036381
2753,0.11218841106882745
2754,0.11218662237772234
2755,0.11218278799892592
2756,0.11217900376932662
2757,0.11217979437664312
2758,0.11217898256562549
2759,0.11217734695426403
2760,0.11217689653869184
2761,0.11217352145187534
2762,0.11217146683659185
2763,0.11216807481515831
2764,0.11216675994380333
2765,0.11216504482573142
2766,0.11216131886656805
2767,0.11215783668936923
2768,0.1121569410743834
2769,0.11215429529137547
2770,0.11215162818152113
2771,0.11214890124534493
2772,0.11214497046649767
2773,0.112144568259978
2774,0.11214320213505548
2775,0.11214123208322894
2776,0.11213887255285991
2777,0.11213486733007642
2778,0.11213372721186657
2779,0.1121337056325335
2780,0.11213291476238971
2781,0.11213033667777417
2782,0.11212749633979857
2783,0.11212776032268702
2784,0.11212629362531701
2785,0.11212464494662269
2786,0.11212039895244931
2787,0.11211852863131286
2788,0.11211671569180244
2789,0.11211557074267843
2790,0.11211204017019766
2791,0.11211029063824332
2792,0.11210855069088554
2793,0.11210716142354996
2794,0.11210394006884758
2795,0.11210265221231275
2796,0.1120978621299004
2797,0.11209418616005332
2798,0.11209056902890914
2799,0.11208734409961998
2800,0.11208320871310844
2801,0.11208213356472396
2802,0.11208114666100696
2803,0.11207799818311127
2804,0.11207660029701161
2805,0.11207696021503825
2806,0.11207481746764159
2807,0.1120723081428537
2808,0.11206696201954808
2809,0.11206508718760141
2810,0.11206338774933272
2811,0.1120609444341855
2812,0.11205836746998515
2813,0.11205604731124867
2814,0.11205275446321271
2815,0.11204839650701515
2816,0.11204759813621896
2817,0.11204537526443523
2818,0.11204299090277
2819,0.11204144995054333
2820,0.11203827329786664
2821,0.1120365597322671
2822,0.11203403321033409
2823,0.11203128151848325
2824,0.11202870247718154
2825,0.11202606260593077
2826,0.1120246755506383
2827,0.11202257867933184
2828,0.1120190857309794
2829,0.1120158521981343
2830,0.11201483734494981
2831,0.11201365529611275
2832,0.11201085456535408
2833,0.11200736095042534
2834,0.11200656811770986
2835,0.11200451867815966
2836,0.11200362017780044
2837,0.11200079263889352
2838,0.11199819993514301
2839,0.11199563120890861
2840,0.11199474373277087
2841,0.11199104342237712
2842,0.11198907972966715
2843,0.11198781160596535
2844,0.11198536868527002
2845,0.11198120615794231
2846,0.11197934323251878
2847,0.11197710917247905
2848,0.1119754836002928
2849,0.11197278836054572
2850,0.11197049593197285
2851,0.11196920319472237
2852,0.11196579988144147
2853,0.11196247564659154
2854,0.11195845805445856
2855,0.11195543915567728
2856,0.11195219668654213
2857,0.11195012175551727
2858,0.11194644176500584
2859,0.11194552558611498
2860,0.1119445051444584
2861,0.1119418255173122
2862,0.11193897739526124
2863,0.11193694868033233
2864,0.11193342542803023
2865,0.1119311995592559
2866,0.11192970645332849
2867,0.11192707850899926
2868,0.11192472001999935
2869,0.11192176701858018
2870,0.11191946589556917
2871,0.1119152910986095
2872,0.11191376706669076
2873,0.11191241892229642
2874,0.11190995210294115
2875,0.11191026871361469
2876,0.11190891125029957
2877,0.11190800415378524
2878,0.11190647686280383
2879,0.11190350804936278
2880,0.11190175140706572
2881,0.1119020353233079
2882,0.11190093054460573
2883,0.11189777454598489
2884,0.11189553606224363
2885,0.11189292729090577
2886,0.11188952414304247
2887,0.11188786882073892
2888,0.11188523503857913
2889,0.1118828843083351
2890,0.11188354861330921
2891,0.11187995085619531
2892,0.11187872277592124
2893,0.11187586670013576
2894,0.11187314479722203
2895,0.11186865381384505
2896,0.11186630755421634
2897,0.11186543729852835
2898,0.11186186606253806
2899,0.11185970560410743
2900,0.11185638319707782
2901,0.11185366106851666
2902,0.11185033489973824
2903,0.11184984744195667
2904,0.11184682303270489
2905,0.11184567987699609
2906,0.11184213480950168
2907,0.11184118523634069
2908,0.11183605517574485
2909,0.11183354880613305
2910,0.11183086381998866
2911,0.11182949215461965
2912,0.1118277403061714
2913,0.1118263667067641
2914,0.11182381140341516
2915,0.11182072838509997
2916,0.11181819090347868
2917,0.11181548370941533
2918,0.11181631616214761
2919,0.11181269399134137
2920,0.11180974660208491
2921,0.11181083015107514
2922,0.11180840600910208
2923,0.1118071824364692
2924,0.11180497798324128
2925,0.11180234152935731
2926,0.11179968500133532
2927,0.11179766657183117
2928,0.1117963450448793
2929,0.1117931901042885
2930,0.11178836169327173
2931,0.11178791752904144
2932,0.11178643252356449
2933,0.11178316745955602
2934,0.11178056714413384
2935,0.11177673210603736
2936,0.11177493730574789
2937,0.11177324130716848
2938,0.11177099499869395
2939,0.11176897741399854
2940,0.11176627993036911
2941,0.11176453463875098
2942,0.11176120510946722
2943,0.11175878430545023
2944,0.11175639851632119
2945,0.11175428293450271
2946,0.11175455009847081
2947,0.11175327050003143
2948,0.11174999369000962
2949,0.11174396619826397
2950,0.11174228811524183
2951,0.11173794200969316
2952,0.11173497538773765
2953,0.11173223183955411
2954,0.11172907749626702
2955,0.11172742156373873
2956,0.11172860604112245
2957,0.11172599106966102
2958,0.11172413377934709
2959,0.11172265149203564
2960,0.11172023066490935
2961,0.11171710213828155
2962,0.11171628818490445
2963,0.11171319633370058
2964,0.11171184188762423
2965,0.11170944319386235
2966,0.11170809963134114
2967,0.1117073785023369
2968,0.11170593560289503
2969,0.11170227475590248
2970,0.1117004246413498
2971,0.11169706455423295
2972,0.11169375979226677
2973,0.11168912890319367
2974,0.11168877125988251
2975,0.11168732338250885
2976,0.11168679122697923
2977,0.11168346969930762
2978,0.11168239592472809
2979,0.11168158444507437
2980,0.11167945435353507
2981,0.11167890157556326
2982,0.1116768765476113
2983,0.1116751523578585
2984,0.11167381786565411
2985,0.11167333460452415
2986,0.11167018457230064
2987,0.11166761178036624
2988,0.11166522803375441
2989,0.11166380068894739
2990,0.1116601122900277
2991,0.11165889699335582
2992,0.11165701103141028
2993,0.11165476370411094
2994,0.1116527763612624
2995,0.11165280182562327
2996,0.11165143918960659
2997,0.11164812393914432
2998,0.11164370710568561
2999,0.1116403156926542
3000,0.11163832570422491
3001,0.11163662390553747
3002,0.11163466321589192
3003,0.11163359817500235
3004,0.11163261498118689
3005,0.11163071429309895
3006,0.11162743544630886
3007,0.11162516857326414
3008,0.1116256802031567
3009,0.1116215196941154
3010,0.11161951928180577
3011,0.11161871615453083
3012,0.1116155813713026
3013,0.11161386322068498
3014,0.11161208803117609
3015,0.11161027970315712
3016,0.11160601392948158
3017,0.11160231976454879
3018,0.11159902132909684
3019,0.11159646688219337
3020,0.11159425396483849
3021,0.11159150483022984
3022,0.11158865020917172
3023,0.11158588235734603
3024,0.111582836386025
3025,0.11158064949869319
3026,0.11157984843176182
3027,0.11157812427346453
3028,0.11157363325299605
3029,0.1115699824457462
3030,0.111567549026765
3031,0.11156552865387176
3032,0.11156326436808214
3033,0.11156314957847639
3034,0.11156061617814318
3035,0.11155813010771187
3036,0.11155587031194943
3037,0.11155313026575238
3038,0.11155203760462856
3039,0.11155198649688257
3040,0.11154798480622224
3041,0.1115459403971299
3042,0.11154335082232468
3043,0.11154321161098102
3044,0.11153924705675416
3045,0.11153702454270012
3046,0.11153564313524021
3047,0.1115326862889431
3048,0.11153086179395062
3049,0.11152820498607399
3050,0.11152795708056491
3051,0.1115257318972031
3052,0.11152545926251196
3053,0.11152252779199605
3054,0.11152370777232853
3055,0.11151960644189134
3056,0.11151650833108492
3057,0.11151332558727833
3058,0.11151095347981052
3059,0.11150953795802532
3060,0.11150786802916177
3061,0.1115057574403707
3062,0.1115034640849025
3063,0.11150165838093308
3064,0.11149845897599628
3065,0.11149533800705892
3066,0.11149424288893232
3067,0.11149310079738603
3068,0.11149120635911802
3069,0.11148773444687567
3070,0.11148498241716136
3071,0.11148325777695722
3072,0.11148151993396001
3073,0.1114812119378487
3074,0.11148022987129531
3075,0.11147897060050346
3076,0.11147641020210905
3077,0.1114734203187722
3078,0.11146985926341944
3079,0.11146839832048643
3080,0.11146594218048961
3081,0.11146449068327652
3082,0.11146163978277614
3083,0.11145918103905537
3084,0.11145809163281421
3085,0.11145656129917232
3086,0.11145389431854415
3087,0.11145070448658623
3088,0.11144888729322644
3089,0.11144651290056777
3090,0.11144689253903661
3091,0.11144522066396453
3092,0.11144219179650189
3093,0.11144148992292591
3094,0.11143901482708576
3095,0.1114370932930435
3096,0.11143504665641046
3097,0.11143100653567274
3098,0.11142868551344698
3099,0.11142602531427115
3100,0.11142199966391127
3101,0.11141858510884876
3102,0.11141600409131554
3103,0.11141293596080695
3104,0.11141251514628052
3105,0.11141039130273818
3106,0.11140834669056861
3107,0.11140700986295844
3108,0.11140649914179337
3109,0.11140409238826193
3110,0.11140199226708783
3111,0.1114004836620497
3112,0.1113988770293361
3113,0.11139642926011815
3114,0.11139568952667696
3115,0.11139420420543096
3116,0.11139154474560162
3117,0.11139017596204721
3118,0.11138595531697171
3119,0.11138325709025969
3120,0.11138380919479048
3121,0.11138122079547944
3122,0.11137989181220925
3123,0.11137757158627642
3124,0.11137423336872941
3125,0.11137196272090648
3126,0.11137171852359097
3127,0.11137010395215244
3128,0.11136849725630094
3129,0.11136546642674916
3130,0.1113628119385612
3131,0.11136197751293044
3132,0.1113618268684668
3133,0.11135919327794816
3134,0.11135840681534803
3135,0.11135695968540732
3136,0.11135429367055455
3137,0.11135316336175313
3138,0.11134985380095332
3139,0.11134831242665813
3140,0.1113453680040638
3141,0.11134352994484954
3142,0.11134126799701188
3143,0.11133984451119419
3144,0.11133866666574699
3145,0.1113353557937269
3146,0.11133168990666775
3147,0.11132937627149687
3148,0.11132615622607926
3149,0.11132663172614322
3150,0.11132478170339809
3151,0.11132183974039346
3152,0.11132012854484526
3153,0.11131640237683084
3154,0.11131564353706307
3155,0.11131477808237118
3156,0.11131189032693223
3157,0.1113103373493162
3158,0.11130882486379184
3159,0.11130894050615256
3160,0.11130391596028397
3161,0.1113038091264346
3162,0.11130153269003416
3163,0.11130088482980331
3164,0.1112997128302767
3165,0.111297871338823
3166,0.11129577424546055
3167,0.11129320544624863
3168,0.11128926985888549
3169,0.11128465126321954
3170,0.11128237251763459
3171,0.11127952004378511
3172,0.11127871179960813
3173,0.11127642524549683
3174,0.11127399691261461
3175,0.11127239385929298
3176,0.11127112132867262
3177,0.11126987105948888
3178,0.11126732558523733
3179,0.11126479466375175
3180,0.11126310801189426
3181,0.11125989924909889
3182,0.1112558427167627
3183,0.11125199746975446
3184,0.11124852181990198
3185,0.11124750455176392
3186,0.11124534997074195
3187,0.11124395611720615
3188,0.11124195327441683
3189,0.11124137566487202
3190,0.11123980928343635
3191,0.11123834301890782
3192,0.11123684245741496
3193,0.11123395391695488
3194,0.11123256945688309
3195,0.11123086732081394
3196,0.11123077617527728
3197,0.1112276055471406
3198,0.11122447455625117
3199,0.11122389667603316
3200,0.11122178843109881
3201,0.1112209066033897
3202,0.11121843973831683
3203,0.11121364082582001
3204,0.11121148715768243
3205,0.11120982348584633
3206,0.11120630459041053
3207,0.11120539822533972
3208,0.11120410519149669
3209,0.11120195652241574
3210,0.11120020492232835
3211,0.11119835846345127
3212,0.11119545912009876
3213,0.11119552787698021
3214,0.11119286779592578
3215,0.11119003876255099
3216,0.11118792877075528
3217,0.1111838242499209
3218,0.1111824768441117
3219,0.11117954293426303
3220,0.11117798723237303
3221,0.11117689914347856
3222,0.11117282243557886
3223,0.11117113338104237
3224,0.11117002378428281
3225,0.1111680287884183
3226,0.11116625725117191
3227,0.11116426529455865
3228,0.11116149503117839
3229,0.11116073521077863
3230,0.11115790092446248
3231,0.1111559944312061
3232,0.11115364085577611
3233,0.11115037745291975
3234,0.11114868916288023
3235,0.11114544156596684
3236,0.11114400122198001
3237,0.11114160720329323
3238,0.11113894699706998
3239,0.11113801153030735
3240,0.1111365423807785
3241,0.11113356858678893
3242,0.1111311168684224
3243,0.1111291566839508
3244,0.1111278751070343
3245,0.11112498056755205
3246,0.1111230946552584
3247,0.11112236772950988
3248,0.11111960031521935
3249,0.11111785611658084
3250,0.11111499607185711
3251,0.11111308415480828
3252,0.11111234635556422
3253,0.11110973510017455
3254,0.11110840618850143
3255,0.11110634428386282
3256,0.1111060847138731
3257,0.11110265144045384
3258,0.1111021553575549
3259,0.11110025814848676
3260,0.11109566131667965
3261,0.11109365585453769
3262,0.11109013072008306
3263,0.11109068506262944
3264,0.1110897168555626
3265,0.11108719023429257
3266,0.11108422679329091
3267,0.11108282928722106
3268,0.11108067313932615
3269,0.11107690337340882
3270,0.11107506181697607
3271,0.11107235932184167
3272,0.1110713432334543
3273,0.11106834311663685
3274,0.1110672968214773
3275,0.11106365649514263
3276,0.11106210496315305
3277,0.11105907625896488
3278,0.11105652424512015
3279,0.11105734913321463
3280,0.11105651366805859
3281,0.11105540772381864
3282,0.11105406857838516
3283,0.11105464142313315
3284,0.11105303240168124
3285,0.11105163554058602
3286,0.11105227691319255
3287,0.11105065922206306
3288,0.11104860062379578
3289,0.11104641513875997
3290,0.11104476639966597
3291,0.11104317547055084
3292,0.11104070230284496
3293,0.11103981934381757
3294,0.11103739806596286
3295,0.11103651668631197
3296,0.11103440475454579
3297,0.11103148565770109
3298,0.11102965868563115
3299,0.11102858806862809
3300,0.1110297354816682
3301,0.11102765044284925
3302,0.1110274931519759
3303,0.11102424354963226
3304,0.11102149620998628
3305,0.11101832072122876
3306,0.11101670396383409
3307,0.11101463385804783
3308,0.11101400871540762
3309,0.11101066822323692
3310,0.11100696497645782
3311,0.1110055734494828
3312,0.11100590701447265
3313,0.11100248759631556
3314,0.1110001686162046
3315,0.11100000668380808
3316,0.11099817207790602
3317,0.11099607831683037
3318,0.11099535167586543
3319,0.11099280241546103
3320,0.11099239139977507
3321,0.11099169863661724
3322,0.11099039254687934
3323,0.11098903371467778
3324,0.11098600120454856
3325,0.11098663732927411
3326,0.11098467379284276
3327,0.110982603043289
3328,0.11097987167324527
3329,0.11097816852407207
3330,0.1109764824938606
3331,0.11097384131496668
3332,0.11097171411013576
3333,0.1109693266689336
3334,0.11096735032982295
3335,0.11096778431580495
3336,0.1109640437453966
3337,0.11096399548134706
3338,0.11096220290721592
3339,0.1109599054918751
3340,0.11095703910073317
3341,0.11095317906376809
3342,0.1109509366003925
3343,0.11094850207770848
3344,0.11094621526235586
3345,0.11094464089975889
3346,0.1109429408704697
3347,0.11094152819454955
3348,0.11093870276011725
3349,0.11093868385638894
3350,0.11093613987768983
3351,0.1109351469057015
3352,0.11093345437252891
3353,0.11093189919394454
3354,0.11092882532372263
3355,0.11092647023258051
3356,0.11092485933943771
3357,0.11092315709356196
3358,0.1109215681178038
3359,0.11091970364108938
3360,0.110916523341331
3361,0.1109135868588105
3362,0.11090976670163272
3363,0.1109109447698726
3364,0.11090902903871866
3365,0.11090620203189029
3366,0.11090620718026938
3367,0.11090409986369121
3368,0.1109027713435287
3369,0.11089938135265773
3370,0.1108976143921775
3371,0.1108969363493252
3372,0.11089376309745222
3373,0.11089118434752748
3374,0.11088925816546605
3375,0.11088655135238774
3376,0.11088685110490969
3377,0.11088302900338755
3378,0.11087946089064996
3379,0.1108766525207471
3380,0.1108753411290539
3381,0.11087526248818699
3382,0.11087306460314189
3383,0.1108724153446211
3384,0.11087053024543551
3385,0.11086953692966516
3386,0.11086750560274164
3387,0.1108647132150961
3388,0.11086333116134704
3389,0.11085939983779264
3390,0.11085671395727598
3391,0.11085483009700695
3392,0.11085313558133152
3393,0.1108517000333537
3394,0.11084990667340734
3395,0.110847230336696
3396,0.1108442516595273
3397,0.11084163500630584
3398,0.11084155264485819
3399,0.11084009265229863
3400,0.11083641451723268
3401,0.11083326255201305
3402,0.11083059178301095
3403,0.11083112432030992
3404,0.11082891751239946
3405,0.11082678448479737
3406,0.11082639693632904
3407,0.11082401857123818
3408,0.11082290630512166
3409,0.1108208594389174
3410,0.11081765971881631
3411,0.1108148255262363
3412,0.11081495994460215
3413,0.11081140432466405
3414,0.11080961894223423
3415,0.11080589278257959
3416,0.11080437795684815
3417,0.11080162709186653
3418,0.11080023806988984
3419,0.11079942857642455
3420,0.11079887330852384
3421,0.11079840141303526
3422,0.11079657796182409
3423,0.1107937336033258
3424,0.11079058077823857
3425,0.1107876377956967
3426,0.11078550262083527
3427,0.11078233018815482
3428,0.11077980080524698
3429,0.11077813548577546
3430,0.110778576506855
3431,0.11077665469481603
3432,0.11077542325723472
3433,0.11077279006369407
3434,0.11077212989981473
3435,0.11076987483959279
3436,0.11076959524916014
3437,0.11076615791726765
3438,0.11076409317821181
3439,0.11076284438609747
3440,0.1107614250767655
3441,0.11075769080784312
3442,0.11075681864851195
3443,0.11075607243104445
3444,0.11075353522642037
3445,0.11075260683906177
3446,0.11075142746229576
3447,0.1107489607778503
3448,0.11074839944703395
3449,0.11074572067226093
3450,0.11074638035462445
3451,0.11074351030069078
3452,0.11074267209198575
3453,0.11074217132629038
3454,0.11073972262167575
3455,0.11073791365036871
3456,0.11073538815819475
3457,0.11073320582094218
3458,0.11073179662392756
3459,0.11073060714913333
3460,0.11072782619675596
3461,0.11072621699417816
3462,0.11072447736283454
3463,0.11072298533204383
3464,0.1107222806641329
3465,0.11071975782118897
3466,0.11071762001998552
3467,0.11071573936146838
3468,0.11071441053844398
3469,0.11071341857180626
3470,0.11071145259552533
3471,0.11071062093044386
3472,0.1107085891425288
3473,0.11070730291573941
3474,0.11070572507533455
3475,0.11070369114515652
3476,0.11070418736497853
3477,0.11070402262679686
3478,0.11070155550615395
3479,0.11069938773884859
3480,0.1106967109479115
3481,0.11069609299831261
3482,0.11069502784266493
3483,0.11069417851730232
3484,0.11069129781178857
3485,0.11068913024675092
3486,0.11068982740381855
3487,0.11068801907877003
3488,0.11068746607517331
3489,0.1106864070992729
3490,0.11068400536729406
3491,0.11068190023904678
3492,0.11068169243685688
3493,0.11068187621763517
3494,0.1106806499524266
3495,0.11067838226925113
3496,0.11067529056401545
3497,0.11067284699871177
3498,0.1106717391286917
3499,0.11066992083510309
3500,0.11066890895283914
3501,0.1106683175918162
3502,0.1106663900510699
3503,0.11066521490483644
3504,0.11066351502060241
3505,0.11066307956244137
3506,0.11066144219856915
3507,0.11065952603600022
3508,0.1106577125743286
3509,0.11065522908474845
3510,0.11065288994404834
3511,0.11065035289778574
3512,0.11064967617927295
3513,0.11064810847941847
3514,0.11064524418714318
3515,0.11064548644059581
3516,0.1106424980745773
3517,0.11064114698934566
3518,0.11063877247451753
3519,0.11063735032436557
3520,0.11063470883576919
3521,0.11063384036438355
3522,0.11063186631067996
3523,0.1106305110957577
3524,0.11062785792148448
3525,0.11062510903063806
3526,0.11062233148983996
3527,0.11062122376739322
3528,0.11061814514172054
3529,0.11061711560470053
3530,0.11061486560640058
3531,0.11061319686359672
3532,0.11061278444418302
3533,0.1106101150506136
3534,0.11060798999910504
3535,0.11060510115017386
3536,0.11060290485810739
3537,0.11060101849073153
3538,0.11059926893457751
3539,0.11059807200799324
3540,0.11059682962747884
3541,0.11059528557094916
3542,0.11059296365819006
3543,0.11059173479153304
3544,0.11059180462361191
3545,0.11059097303541487
3546,0.11058932940748473
3547,0.1105866910152638
3548,0.1105879858649291
3549,0.11058806221023015
3550,0.11058532887907938
3551,0.11058467728847864
3552,0.11058404156698355
3553,0.11058498280310958
3554,0.11058448855311621
3555,0.11058162324296174
3556,0.11058097486337287
3557,0.11058016508036328
3558,0.11057975577886998
3559,0.1105770933018682
3560,0.1105741405500812
3561,0.11057089678264459
3562,0.11056960850458081
3563,0.11056671373512711
3564,0.1105662678853206
3565,0.11056414514289657
3566,0.1105624273005483
3567,0.11056101735623927
3568,0.11056078958175176
3569,0.11055783504277113
3570,0.11055571140447898
3571,0.11055548687966807
3572,0.11055307639206033
3573,0.11055190597836387
3574,0.110550836179891
3575,0.11054875261309886
3576,0.1105474494147555
3577,0.11054631425131915
3578,0.11054232253898198
3579,0.11054152745745524
3580,0.11053940616465423
3581,0.11053686257319313
3582,0.11053562382951665
3583,0.11053345305878738
3584,0.11053073404469321
3585,0.1105287124660476
3586,0.11052783018546383
3587,0.11052929839862878
3588,0.11052808562332454
3589,0.11052548352488001
3590,0.11052262851357897
3591,0.11052129209563974
3592,0.11051972159584145
3593,0.11051851565727291
3594,0.11051743380633282
3595,0.11051498637151805
3596,0.1105135889904099
3597,0.1105122169862202
3598,0.1105106846013704
3599,0.11051011883247885
3600,0.11050916221333473
3601,0.11050608048068708
3602,0.11050448888398559
3603,0.11050290141809187
3604,0.11050045947952848
3605,0.11049726799841923
3606,0.11049764637734655
3607,0.11049677773752828
3608,0.11049263749264328
3609,0.11049141429667429
3610,0.11049156228777281
3611,0.11049022312011181
3612,0.1104882092172718
3613,0.11048679329854334
3614,0.11048634999127648
3615,0.11048338154781269
3616,0.11048414108429788
3617,0.1104815743800044
3618,0.11047962937178334
3619,0.11047751904416621
3620,0.11047533587521098
3621,0.11047414308630964
3622,0.11047107669534487
3623,0.11047053342444642
3624,0.11046790657499364
3625,0.11046555215086137
3626,0.11046392188935657
3627,0.11046159015332463
3628,0.11046123962470314
3629,0.110457799718701
3630,0.11045544105139335
3631,0.1104540753308641
3632,0.11045186576458135
3633,0.11045068352376528
3634,0.11044824719851963
3635,0.11044642340176745
3636,0.11044660975981938
3637,0.11044530212734459
3638,0.11044312442732028
3639,0.11044156752893797
3640,0.1104398807466034
3641,0.11043974612142919
3642,0.1104394088584404
3643,0.11043973185453385
3644,0.11043845334394489
3645,0.11043668715026932
3646,0.11043443763993432
3647,0.11043306548770698
3648,0.11042939950982875
3649,0.11042853055535744
3650,0.1104273575414422
3651,0.11042472262824905
3652,0.11042353314843971
3653,0.11042249357385284
3654,0.11042084164042759
3655,0.11042119028316391
3656,0.11041820189855545
3657,0.11041631968029898
3658,0.11041375803363976
3659,0.11041120598427133
3660,0.11041132400579369
3661,0.11041077344198891
3662,0.11040777038371351
3663,0.1104051943680963
3664,0.11040361888762545
3665,0.11040158060874485
3666,0.11040033354922396
3667,0.1103968017992781
3668,0.11039455573388204
3669,0.11039298450316007
3670,0.11039170236635448
3671,0.11039090808677575
3672,0.1103911143311387
3673,0.11038753731949201
3674,0.11038467590694535
3675,0.11038233179827883
3676,0.11038084815969848
3677,0.11037904123686762
3678,0.11037650329057531
3679,0.11037575365500456
3680,0.11037348213596453
3681,0.11037036134005448
3682,0.11036894688494506
3683,0.11036652362451589
3684,0.11036462774250758
3685,0.11036349944007827
3686,0.1103615331475249
3687,0.1103601235966486
3688,0.11035823710498636
3689,0.11035475105221956
3690,0.11035171457061821
3691,0.11034972804445367
3692,0.1103491170833111
3693,0.11034845996757245
3694,0.110348268659996
3695,0.11034700300198175
3696,0.11034475682360609
3697,0.11034568296902587
3698,0.11034506458810726
3699,0.11034368539825266
3700,0.1103413204182232
3701,0.1103397358330249
3702,0.11034011946375244
3703,0.11033617116997431
3704,0.11033434925687559
3705,0.11033264378534478
3706,0.1103315166050301
3707,0.11033028345005672
3708,0.11032805158038636
3709,0.11032708285692837
3710,0.110322826050345
3711,0.11032133578880797
3712,0.11032069056793034
3713,0.11031852462134949
3714,0.1103170529586744
3715,0.1103141554427702
3716,0.1103116255031425
3717,0.11030992154130467
3718,0.11030943670107267
3719,0.11030629561292159
3720,0.11030747965771712
3721,0.1103054725777397
3722,0.11030386435583603
3723,0.11030114423107075
3724,0.11029999200439518
3725,0.11030070178077792
3726,0.11029799779550022
3727,0.11029878120197736
3728,0.11029632035523113
3729,0.11029616177366736
3730,0.11029542937278576
3731,0.11029336949532366
3732,0.1102918165346636
3733,0.1102904498154824
3734,0.11029092219767568
3735,0.1102929815985332
3736,0.11029082486484779
3737,0.1102881902988396
3738,0.11028749558470372
3739,0.11028712167173743
3740,0.11028474334892797
3741,0.11028281825447138
3742,0.11028103242438525
3743,0.11027920631168497
3744,0.11027621351163706
3745,0.11027610403322352
3746,0.1102751449782717
3747,0.1102725486166427
3748,0.11027160324213726
3749,0.11026813006371675
3750,0.11026654594542355
3751,0.11026757427684637
3752,0.11026559373424151
3753,0.11026380709075995
3754,0.11026165509029039
3755,0.1102597398137775
3756,0.11025959046336464
3757,0.11026075311213968
3758,0.1102594743373469
3759,0.11025631958699934
3760,0.11025570795688143
3761,0.11025313138949916
3762,0.11025112082036462
3763,0.11024851810603847
3764,0.11024680226701528
3765,0.1102446610554927
3766,0.11024289031957935
3767,0.11024081517486539
3768,0.11024111611587392
3769,0.11023906944337901
3770,0.11023762973667149
3771,0.11023649091890134
3772,0.1102342670072346
3773,0.11023274298096829
3774,0.11022917741678535
3775,0.11022817075017598
3776,0.11022603995370511
3777,0.11022405129863938
3778,0.11022258747869793
3779,0.11022163835203447
3780,0.11022165089765877
3781,0.11022121656619173
3782,0.11021868025855207
3783,0.11021640145389568
3784,0.11021541462943432
3785,0.110215175531355
3786,0.11021391367434971
3787,0.1102122989802151
3788,0.11021167992331082
3789,0.11020969189132254
3790,0.11020688459394994
3791,0.11020475224211312
3792,0.11020225055628978
3793,0.11020054697668692
3794,0.11019872604302058
3795,0.11019711326329602
3796,0.11019650675312787
3797,0.11019550543250764
3798,0.11019402398744245
3799,0.11019306439647246
3800,0.11019031454945531
3801,0.11018872737863158
3802,0.11018725315761714
3803,0.1101857617974714
3804,0.11018331590976045
3805,0.11018125370873073
3806,0.1101786486150838
3807,0.11017729041346258
3808,0.11017688050305387
3809,0.11017426205732798
3810,0.11017175913271252
3811,0.11016961585624233
3812,0.11016783569508325
3813,0.11016671997800817
3814,0.11016544220517809
3815,0.11016452771445909
3816,0.11016290330090367
3817,0.11016080846270103
3818,0.1101582367932648
3819,0.11015557690256635
3820,0.11015512998089025
3821,0.11015236143554782
3822,0.11015014630179483
3823,0.11014876860680314
3824,0.11014779686402425
3825,0.11014634437863496
3826,0.11014200933741099
3827,0.11014085266439612
3828,0.11013960839542905
3829,0.11013956139668293
3830,0.11013750735918626
3831,0.11013526257940344
3832,0.1101328086940489
3833,0.11012974504211659
3834,0.1101289328491181
3835,0.11012954019314332
3836,0.11012703254792862
3837,0.11012457314899322
3838,0.11012149490243836
3839,0.11011944665955817
3840,0.11011616018195991
3841,0.11011418778187675
3842,0.11011379025274053
3843,0.11011275986244826
3844,0.11011044109715894
3845,0.11010849536212848
3846,0.11010963431415707
3847,0.11010813983307803
3848,0.11010495469015824
3849,0.11010294672967401
3850,0.11010033930412753
3851,0.11009749915684007
3852,0.11009777647322107
3853,0.11009633378070954
3854,0.11009475889624994
3855,0.11009501558181264
3856,0.11009543880998568
3857,0.11009444763049574
3858,0.11009435797481097
3859,0.11009238530861594
3860,0.11009049109591035
3861,0.110087680067225
3862,0.11008530004670897
3863,0.11008271124637418
3864,0.11007972896433306
3865,0.11007891168844616
3866,0.11007957198578383
3867,0.11007649332529848
3868,0.11007482370857605
3869,0.11007275438241823
3870,0.1100711008335954
3871,0.11006917661623031
3872,0.11006804907938347
3873,0.11006604311051592
3874,0.11006773280586912
3875,0.11006384939355107
3876,0.11006253497236651
3877,0.11006218771937087
3878,0.11006190238098923
3879,0.11006099610114499
3880,0.11005965826250473
3881,0.11005693737946996
3882,0.11005553779648179
3883,0.11005353314981607
3884,0.11005151332148932
3885,0.11004959775391154
3886,0.11004624802620461
3887,0.11004501006369251
3888,0.11004279886776003
3889,0.11004027956389255
3890,0.11003740334770601
3891,0.11003611126126393
3892,0.11003723691760284
3893,0.1100340435586198
3894,0.11003266183232606
3895,0.1100317664084925
3896,0.11002932929880857
3897,0.11002839281919655
3898,0.11002616219867417
3899,0.11002493620896271
3900,0.11002354693286716
3901,0.11002331874756566
3902,0.11002279083515389
3903,0.1100223101780671
3904,0.11002038765247267
3905,0.110018796561379
3906,0.11001764268690346
3907,0.11001845346902304
3908,0.11001596302466465
3909,0.110013905918645
3910,0.11001306369007316
3911,0.11001151370327418
3912,0.11000842201758089
3913,0.1100064848487986
3914,0.11000506742476895
3915,0.1100021402608028
3916,0.11000009741564544
3917,0.10999700531154476
3918,0.10999527440125652
3919,0.10999445288023456
3920,0.10999302339581007
3921,0.10998998508186733
3922,0.10998863981928711
3923,0.10998637082993826
3924,0.10998289858334115
3925,0.10998174632637442
3926,0.10997939369677871
3927,0.10997662943767487
3928,0.10997488683116234
3929,0.10997313423778965
3930,0.10997165648596305
3931,0.10997155531506832
3932,0.10996773167794958
3933,0.10996769531024629
3934,0.1099662056907258
3935,0.10996654267128812
3936,0.10996332196610689
3937,0.10996302779681844
3938,0.10996100410004762
3939,0.1099585100618011
3940,0.10995703428315151
3941,0.10995532394032702
3942,0.10995470508318303
3943,0.10995320467001117
3944,0.10995117571324728
3945,0.10995150372567493
3946,0.10995022883515
3947,0.10994747284049175
3948,0.1099450579982222
3949,0.109944623785646
3950,0.10994417568159526
3951,0.10994347099605574
3952,0.10994050544292394
3953,0.10993852831701359
3954,0.10993706316865297
3955,0.10993624071521693
3956,0.10993524340042665
3957,0.10993332219347982
3958,0.10993189244545107
3959,0.10992949409490442
3960,0.10992800649055169
3961,0.10992766782089475
3962,0.10992624296414073
3963,0.10992455379331117
3964,0.1099206642483596
3965,0.10991898579672199
3966,0.10991678296101753
3967,0.1099162715895058
3968,0.10991541287100341
3969,0.10991480226189002
3970,0.10991309795858745
3971,0.10991182508904228
3972,0.10991233697697722
3973,0.10991066914329634
3974,0.10990996221228237
3975,0.10990846842074692
3976,0.10990718690380812
3977,0.10990703717065113
3978,0.10990692011741725
3979,0.10990519554627735
3980,0.10990207509910321
3981,0.10989839801354474
3982,0.10989727097803983
3983,0.10989626898771626
3984,0.10989348124397552
3985,0.10989303980541965
3986,0.10989185156297154
3987,0.10989038813041571
3988,0.10988842183294305
3989,0.10988459602000926
3990,0.10988567230053253
3991,0.1098865058364378
3992,0.10988448653232859
3993,0.10988396269718427
3994,0.10988187690722072
3995,0.10988105843337631
3996,0.10987927766638364
3997,0.10987634447020246
3998,0.10987552304486559
3999,0.10987540683642301
